ID,meaning,semantic tag,Etymon ID,Etymon,pS root,Part of Speech,language,script,transliteration,Sem normalization,IPA singular,gender,f markedness,pS pattern,Sem normalization pl,IPA plural,pS plural pattern,PS plural suffix,deptotic,"Tag (popularity) insert word. rate, archaic, wanderwort, borrowed. ambiguous. no derivation [for primary nouns] primary nouns [divide with commas], deptotic",Donor language (in cases of borrowing),Donor word (in the original language),data source,Notes
N1,fire,PW_FI,ETYMON1,,,noun,Akkadian,xxx,xxx,ʔišāt,iʃa:t,F,TRUE,qil,išātāt,iʃa:ta:t,qil/qilat?,-a:t,N,primary-noun,,,,
N2,fire,PW_FI,ETYMON1,,,noun,Syriac,ܐܫܬ,ʼšt,ʼeššāt,ʔeʃʃa:t,F,TRUE,qill,eštwāt,ʔeʃtwa:t,,a:t,NA,primary-noun,,,,
N3,fire,PW_FI,ETYMON1,,,noun,Ethiopic,እሳት,ʼəsātə,ʼəsāt,ʔɨsa:t,F,TRUE,qil,,,,,NA,primary-noun,,,,
N4,fire,PW_FI,ETYMON1,,,noun,Hebrew,אש,ʔš,ˀēš,ˀe:ʃ,MF,FALSE,qil,,NA,NA,NA,NA,primary-noun,,,,
N5,fire,PW_FI,,,,noun,Arabic,xxx,xxx,xxx,xxx,xxx,xxx,xxx,xxx,xxx,xxx,xxx,xxx,primary-noun,,,,
ETYMON1,fire,PW_FI,,[reconstructed form],,noun,Proto-Semitic,,,,ʔis,,,,,,,,,,,,,
N6,nose,BP_NO,ETYMON2,,,noun,Akkadian,,,app,app,F,FALSE,qatl,appāt,appa:t,same,-a:t,N,primary-noun,,,,
N7,nose,BP_NO,ETYMON3,,,noun,Syriac,ܢܚܝܪ,nḥyr,nḥir,nħir,M,FALSE,qati:l,nḥirē,nħire:,same,u:,NA,primary-noun,,,,
N8,nose,BP_NO,ETYMON2,,,noun,Ethiopic,አንፍ,ʼanəfə,ʼanf,ʔanf,M,FALSE,qatl,ʼaʼənāf,ʔaʔɨna:f,ʔaqta:l,NA,NA,primary-noun,,,,
N9,nose,BP_NO,ETYMON2,,,noun,Hebrew,אף,,ˀap,ʔap,M,FALSE,qatl,,ʔappi:m,same,u:,NA,primary-noun,,,,
N10,nose,BP_NO,ETYMON2,,,noun,Arabic,انف,ʼnf,ʼanf,ʔanf,M,FALSE,qatl,"ʼānuf, ʼānāf, ʼunūf","ʔa:nuf, ʔa:na:f, ʔunu:f","qa:tul, qa:ta:l, qu:tu:l",,,primary-noun,,,,
ETYMON2,nose,BP_NO,,ʔanp,,noun,Proto-Semitic,,,,ˀanp-,,,,,,,,,,,,,
ETYMON3,nose,BP_NO,,naħi:r,,noun,Proto-Semitic,,,,naħi:r,,,,,,,,,,,,,
N11,water,PW_WA,ETYMON4,,,noun,Akkadian,,,mū,mu:,M,FALSE,qul,same,same,same,same,NA,primary-noun,,,,
N12,water,PW_WA,ETYMON4,,,noun,Syriac,ܡܝܐ,,,-,M,FALSE,qall,mayyā,majja:,,u:,NA,primary-noun,,,,
N13,water,PW_WA,ETYMON4,,,noun,Ethiopic,ማይ,māyə,māy,ma:j,MF,FALSE,qa:l,māyāt,ma:ja:t,same,a:t,NA,primary-noun,,,,
N14,water,PW_WA,ETYMON4,,,noun,Hebrew,מים,,NA,NA,M,FALSE,qal,,mayim,NA,u:,NA,primary-noun,,,,
N15,water,PW_WA,ETYMON4,,,noun,Arabic,ماء,mʼ,māʼ,ma:ʔ,M,FALSE,qa:l,"miyāh, ʼamwāh","mija:h, ʔamwa:h","qita:l, ʔaqta:l",,,primary-noun,,,,
ETYMON4,,PW_WA,,"ma:j-, ma:w-",,noun,Proto-Semitic,,,,,,,,,,,,,,,,,
N16,mouth,BP_MO,ETYMON5,,,noun,Akkadian,,,pū,pu:,M,FALSE,qul,pû,pu:,same,u:,N,primary-noun,,,,
N17,mouth,BP_MO,ETYMON5,,,noun,Syriac,ܦܘܡ,pwm,pum,pum,M,FALSE,qul,pumē,pume:,same,u:,NA,primary-noun,,,,
N18,mouth,BP_MO,ETYMON5,,,noun,Ethiopic,አፍ,ʼafə,ʼaf,ʔaf,MF,FALSE,qal,"ʼafaw, ʼafawāt","ʔafaw, ʔafawa:t",qatal,a:t,NA,primary-noun,,,,
N19,mouth,BP_MO,ETYMON5,,,noun,Hebrew,פה,,pê,pe:,M,FALSE,qil,,"piyo:t, pe:yo:t",same,a:t,NA,primary-noun,,,,
N20,mouth,BP_MO,ETYMON5,,,noun,Arabic,,,fū,fu:,M,FALSE,qul,ʼafwāh,ʔafwa:h,ʔaqtal,,,primary-noun,,,,
ETYMON5,,BP_MO,,pij,,noun,Proto-Semitic,,,,,,,,,,,,,,,,,
N21,tongue,BP_TG,ETYMON6,,,noun,Akkadian,,,lišān,liʃa:n,F,FALSE,qita:l,lišānū,liʃa:nu:,qita:l,u:,Y,primary-noun,,,,
N22,tongue,BP_TG,ETYMON6,,,noun,Syriac,ܠܫܢ,lšn,leššān,leʃʃa:n,M,FALSE,qitta:l,leššānē,leʃʃa:ne:,same,u:,NA,primary-noun,,,,
N23,tongue,BP_TG,ETYMON6,,,noun,Ethiopic,ልሳን,ləsānə,ləssān,lɨssa:n,MF,FALSE,qitta:l,,,,,NA,primary-noun,,,,
N24,tongue,BP_TG,ETYMON6,,,noun,Hebrew,לשון,,lāšōn,la:ʃo:n,MF,FALSE,qata:l,,ləʃo:no:t,same,a:t,NA,primary-noun,,,,
N25,tongue,BP_TG,ETYMON6,,,noun,Arabic,لسان,lsʼn,lisān,lisa:n,MF,FALSE,qita:l,"ʼalsina, ʼalsun","ʔalsina, ʔalsun","ʔaqtil, ʔaqtul",,,primary-noun,,,,
ETYMON6,,BP_TG,,lisa:n,,noun,Proto-Semitic,,,,,,,,,,,,,,,,,
N26,blood,BP_BL,ETYMON7,,,noun,Akkadian,,,dām,da:m,M,FALSE,qa:l,dāmū,da:mu:,qal,u:,Y,primary-noun,,,,
N27,blood,BP_BL,ETYMON7,,,noun,Syriac,ܕܡ,dm,dem,dem,M,FALSE,qal,dmē,dme:,same,u:,NA,primary-noun,,,,
N28,blood,BP_BL,ETYMON7,,,noun,Ethiopic,ደም,damə,dam,dam,MF,FALSE,qa:l,,,,,NA,primary-noun,,,,
N29,blood,BP_BL,ETYMON7,,,noun,Hebrew,דם,,dām,da:m,M,FALSE,qal,,da:mi:m,same,u:,NA,primary-noun,,,,
N30,blood,BP_BL,ETYMON7,,,noun,Arabic,دم,dm,dam,dam,M,FALSE,qal,dimāʼ,dima:ʔ,qita:ʔ,,,primary-noun,,,,
ETYMON7,,BP_BL,,dam,,noun,Proto-Semitic,,,,,,,,,,,,,,,,,
N31,bone,BP_BN,ETYMON8,,,noun,Akkadian,,,eṣemtum,es'emtum,F,TRUE,qatl,eṣme:t,es'e:mt,same,a:t,Y,primary-noun,,,,
N32,bone,BP_BN,,,,noun,Syriac,ܓܪܡ,grm,grem,grem,M,FALSE,qatl,garmē,garme:,same,u:,NA,primary-noun,,,,
N33,thigh,BP_BN,ETYMON8,,,noun,Syriac,ܥܛܡܐ,ˤṭmʼ,ˤaṭmā,ˤat’ma:,F,TRUE,qatl,ˤaṭmāt,ˤat’ma:t,same,a:t,NA,primary-noun,,,,
N34,bone,BP_BN,ETYMON8,,,noun,Ethiopic,ዐፅም; ዐጽም; አጽም;,ˤaḍəmə; ˤaṣəmə; ʔaṣəmə,ˤaḍm,ʕaɬ’m,MF,FALSE,qatl,ʼaˤəḍəmt,ʔaʕɨɬ’ɨmt,ʔaqtul,,NA,primary-noun,,,,
N35,bone,BP_BN,ETYMON8,,,noun,Hebrew,עצם,ʕṣm,ʕeṣem,ˤes'em,F,FALSE,qatl,,"ˤaṣa:mo:t, ʕaṣa:mi:m ",qatal,"a:t, u:",NA,primary-noun,,,,
N36,bone,BP_BN,ETYMON8,,,noun,Arabic,عظم,ˤẓm,ˤaẓm,ʕaðˤm,M,FALSE,qatl,"ˤiẓām, ˤaẓāma, ʼaˤẓum","ʕiðˤa:m, ʕaðˤa:ma, ʔaʕðˤum","qita:l, qata:l, ʔaqtul",,NA,primary-noun,,,,
ETYMON8,,BP_BN,,ʕaθ’m,,noun,Proto-Semitic,,,,,,,,,,,,,,,,,
PN1,"2msg pronoun, subject",,ETYMON9,,,pronoun,Akkadian,,,atta,atta,M,FALSE,NA,attunu,attunu,NA,,NA,,,,,
PN2,2msg pronoun,,ETYMON9,,,pronoun,Syriac,ܐܢܬ,ʔnt,att,ʔatt,M,FALSE,NA,atton,ʔatton,NA,,NA,,,,,
PN3,2msg pronoun,,ETYMON9,,,pronoun,Ethiopic,አንተ,ʼanəta,ʼanta,ʔanta,M,FALSE,NA,ʼantəmu,ʔantɨmu,NA,,NA,,,,,
PN4,2msg pronoun,,ETYMON9,,,pronoun,Hebrew,אתה,ˀth,ʔattā,ˀatta:,M,FALSE,NA,,ʔattem,NA,,NA,,,,,
PN5,2msg pronoun,,ETYMON9,,,pronoun,Arabic,أنت,ʼnt,ʼanta,ʔanta,M,FALSE,NA,ʼantum,ʔantum,NA,,NA,,,,,
ETYMON9,,,,ˀanta,,pronoun,Proto-Semitic,,,,,,,,,,,,,,,,,
PN6,2fsg pronoun,,ETYMON10,,,pronoun,Akkadian,,,atti,atti,F,FALSE,NA,attina,attina,NA,,NA,,,,,
PN7,2fsg pronoun,,ETYMON10,,,pronoun,Syriac,ܐܢܬܝ,ʔnty,att,ʔatt,F,FALSE,NA,attēn,ʔatte:n,NA,,NA,,,,,
PN8,2fsg pronoun,,ETYMON10,,,pronoun,Ethiopic,አንቲ,ʼanəti,ʼanti,ʔanti,F,FALSE,NA,ʼantən,ʔantɨn,NA,,NA,,,,,
PN9,2fsg pronoun,,ETYMON10,,,pronoun,Hebrew,את,ˀt,ˀatt,ˀatt,F,FALSE,NA,,ʔatte:na:,NA,,NA,,,,,
PN10,2fsg pronoun,,ETYMON10,,,pronoun,Arabic,أنت,ʼnt,ʼanti,ʔanti,F,FALSE,NA,ʼantunna,ʔantunna,NA,,NA,,,,,
ETYMON10,,,,ˀanti,,pronoun,Proto-Semitic,,,,,,,,,,,,,,,,,
N37,root,AV_RO,,,,noun,Akkadian,,,išdum,iʃdum,M,FALSE,qitl,"išdān, išdāt","iʃda:n, iʃda:t",same,"a:n, a:t",,,,,,"M in Sg, F in Pl"
N38,root,AV_RO,ETYMON11,,,noun,Syriac,ܫܪܫ,šrš,šreš,ʃreʃ,M,FALSE,qatl,šeršē,ʃerʃe:,same,u:,NA,,,,,
N39,root,AV_RO,,,,noun,Ethiopic,"ሥርው, ሡር, ሥር","śərəwə, śurə, śərə","śərw, śur, śər","ɬɨrw, ɬur, ɬɨr",,FALSE,qutl/qitl,"śəraw, ʼaśrāw","ɬɨraw, ʔaɬra:w","qutal/qital, ʔaqta:l",,NA,,,,,
N40,root,AV_RO,ETYMON11,,,noun,Hebrew,שורש,šrš,šôreš,ʃo:reʃ,M,FALSE,qutl,,ʃora:ʃi:m,qutal,u:,NA,,,,,
N41,root,AV_RO,ETYMON11,,,noun,Arabic,,,,,,,,,,,,,,,,,
ETYMON11,,AV_RO,,surs-,,noun,Proto-Semitic,,,,,,,,,,,,,,,,,
N42,breast,BP_BW,ETYMON12,,,noun,Akkadian,,,tulûm,tulu:m,MF,FALSE,qutul?,tulû,tulu:,same?,u:,,,,,,
N43,breast,BP_BW,,,,noun,Akkadian,,,irtum,irtum,F,TRUE,qil-t,irāt,ira:tum,"qil, qila:t?",a:t,Y,,,,,
N44,breast,BP_BW,ETYMON13,,,noun,Syriac,ܬܕ,td,tad,tad,M,FALSE,qal,tdayyā,tdajja:,same,u:,NA,,,,,
N45,breast,BP_BW,,,,noun,Ethiopic,ጥብ,ṭəbə,ṭəb,t’ɨb,,FALSE,qal,ʼaṭbāt,ʔat’ba:t,ʔaqal,a:t,NA,,,,,
N46,breast,BP_BW,ETYMON13,,,noun,Hebrew,שד,šd,šad,ʃad,M,FALSE,qal,šadāyim,ʃada:yim,same,,NA,dual,,,,
N47,breast,BP_BW,??,,,noun,Arabic,ثدي,ṯdy,ṯady,θadj,MF,FALSE,qatl,ʼaṯdāʼ,ʔaθda:ʔ,ʔaqta:l,,,,,,,
ETYMON12,,BP_BW,,tlˤ-,,noun,Proto-Semitic,,,,,,,,,,,,,,,,,
ETYMON13,,BP_BW,,θad,,noun,Proto-Semitic,,,,,,,,,,,,,,,,,
N48,rain,PW_RA,ETYMON14,,,noun,Akkadian,,,zunnum,zunnum,M,FALSE,qutl,zunnū,zunnu:,same,u:,,,,,,
N49,rain,PW_RA,ETYMON15,,,noun,Syriac,ܡܛܪ,mṭr,mṭar,mt'ar,M,FALSE,qital,,,,,NA,,,,,
N50,rain,PW_RA,ETYMON14,,,noun,Ethiopic,ዝናም,zənāmə,zənām,zɨna:m,,FALSE,quta:l/qita:l,,,,,NA,,,,,
N51,rain,PW_RA,ETYMON15,,,noun,Hebrew,מטר,mṭr,māṭār,ma:t'a:r,M,FALSE,qatal,maṭārōt,mat'a:ro:t,qatal,a:t,NA,,,,,
N52,rain,PW_RA,ETYMON15,,,noun,Arabic,مطر,mṭr,maṭar,matˤar,M,FALSE,qatal,ʼamṭār,ʔamtˤa:r,ʔaqta:l,,,,,,,
ETYMON14,,PW_RA,,ðanm- / ðunm-,,noun,Proto-Semitic,,,,,,,,,,,,,,,,,
ETYMON15,,PW_RA,,mt'r,,noun,Proto-Semitic,,,,,,,,,,,,,,,,,
PN11,1sg pronoun,,ETYMON16,,,pronoun,Akkadian,,,anāku,ana:ku,MF,FALSE,NA,nīnu,ni:nu,NA,,,,,,,
PN12,1sg pronoun,,ETYMON17,,,pronoun,Syriac,ܐܢܐ,ʼnʼ,enā,ena:,MF,FALSE,NA,"ḥnan, naḥnan","ħnan, naħnan",NA,,NA,,,,,
PN13,1sg pronoun,,ETYMON17,,,pronoun,Ethiopic,አነ,ʼana,ʼana,ʔana,MF,FALSE,NA,nəḥnā,nɨħna:,NA,,NA,,,,,
PN14,1sg pronoun,,ETYMON16,,,pronoun,Hebrew,אנוכי,ʔnky,ʔānôkî,ˀa:no:ki:,MF,FALSE,NA,ˀănaḥnū,ʔănaħnu:,NA,,NA,,,,,
PN15,1sg pronoun,,ETYMON17,,,pronoun,Hebrew,אני,ʔny,ʔǎnî,ʔǎni:,MF,FALSE,NA,ˀănaḥnū,ʔănaħnu:,NA,,NA,,,,,
PN16,1sg pronoun,,ETYMON17,,,pronoun,Arabic,أنا,ʼnʼ,ʼana,ʔana,MF,FALSE,NA,naḥnu,naħnu,NA,,NA,,,,,
ETYMON16,,,,ˀana:ku,,pronoun,Proto-Semitic,,,,,,,,,,,,,,,,,
ETYMON17,,,,ˀana,,pronoun,Proto-Semitic,,,,,,,,,,,,,,,,,
N53,name,LM_NA,ETYMON18,,,noun,Akkadian,,,šum,ʃum,M,FALSE,qul,"šumū, šumāt","ʃumu:, ʃuma:t",same,"u:, a:t",NA,,,,,
N54,name,LM_NA,ETYMON18,,,noun,Syriac,ܫܡ,šm,šem,ʃem,M,FALSE,qil,šmāhē,ʃma:he:,same,u:,NA,,,,,
N55,name,LM_NA,ETYMON18,,,noun,Ethiopic,ስም,səmə,səm,sɨm,M,FALSE,qil,ʼasmāt,ʔasma:t,ʔaqtal,a:t,NA,,,,,
N56,name,LM_NA,ETYMON18,,,noun,Hebrew,שם,šm,šēm,ʃe:m,M,FALSE,qil,šĕmōt,ʃəmo:t,same,a:t,NA,,,,,
N57,name,LM_NA,ETYMON18,,,noun,Arabic,اسم,ʼsm,sm,sm,M,FALSE,qil,"ʼasmāʼ, ʼasmāwāt, ʼasāmin, ʼasāmiyy","ʔasma:ʔ, ʔasma:wa:t, ʔasa:min, ʔasa:mijj",ʔaqtal,a:t,,,,,,
ETYMON18,,LM_NA,,sim,,noun,Proto-Semitic,,,,,,,,,,,,,,,,,
N58,louse,,ETYMON19,,,noun,Akkadian,,,kalmatum,kalmatum,F,TRUE,qatl-at,NA,NA,,,,,,,,
N59,louse,,ETYMON19,,,noun,Syriac,ܩܠܡ,qlm,qlem,qlem,M,FALSE,qatl,qalmē,qalme:,same,u:,NA,,,,,
N60,louse,,ETYMON19??,,,noun,Ethiopic,"ቍማል, ቅማል","qʷəmālə, qəmālə","qʷəmāl, qəmāl","k’ʷɨma:l, k’ɨma:l",,FALSE,quta:l/qita:l,,,,,NA,,,,,
N61,louse,,ETYMON19,,,noun,Hebrew,כנם,knm,kinnām,kinna:m,M,FALSE,qitl,kinnîm,kinni:m,same,u:,NA,,,,,
N62,louse,,ETYMON19??,,,noun,Arabic,قملة,qmlh,qamla,qamla,F,TRUE,qatl,,,,,,,,,,
ETYMON19,,,,kalm-at- / k’alm-at-,,noun,Proto-Semitic,,,,,,,,,,,,,,,,,
N63,wing,BP_WI,,,,noun,Akkadian,,,abru,abru,M,FALSE,qatl,abrū,abru:,same,u:,,,,,,
N64,wing,BP_WI,ETYMON20,,knp,noun,Syriac,ܟܢܦ,knp,knep,knep,F,FALSE,qitl,kenpē,kenpe:,same,u:,NA,,,,,
N65,wing,BP_WI,ETYMON20,,knp,noun,Ethiopic,ክንፍ,kənəfə,kənf,kɨnf,,FALSE,qitl,"kənaf, ʼaknāf","kɨnaf, ʔakna:f","qutal/qital, ʔaqta:l",,NA,,,,,
N66,wing,BP_WI,ETYMON20,,knp,noun,Hebrew,כנף,knp,kānāp,ka:na:p,MF,FALSE,qatal,kanpôt,kanpo:t,qatal,a:t,NA,,,,,some instances of m.pl. constr form
N67,wing,BP_WI,ETYMON20,,knp,noun,Arabic,كنف,knf,kanaf,kanaf,M,FALSE,qatal,ʼaknāf,ʔakna:f,ʔaqta:l,,NA,,,,,
ETYMON20,,BP_WI,,kanap-,,noun,Proto-Semitic,,,,,,,,,,,,,,,,,
N68,flesh/meat,"BP_FL, FD_ME",ETYMON21,,,noun,Akkadian,,,šīrum,ʃi:rum,M,FALSE,qitl,šīrū,ʃi:ru:,same,u:,NA,,,,,
N69,flesh/meat,"BP_FL, FD_ME",ETYMON22,,,noun,Syriac,ܒܣܪ,bsr,bsar,bsar,M,FALSE,qitl,besrē,besre:,same,u:,NA,,,,,
N70,flesh/meat,"BP_FL, FD_ME",,,,noun,Ethiopic,ሥጋ,śəgā,śəgā,ɬɨga:,,FALSE,NA,,,,,NA,borrowed,Cushitic,Bilin: sixa; Qemant/Khamir: siya,,
N71,flesh/meat,"BP_FL, FD_ME",ETYMON21,,,noun,Hebrew,שאר,šˀr,šĕˀēr,ʃəˀe:r,M,FALSE,qitl,,NA,NA,NA,NA,,,,,
N72,flesh/meat,"BP_FL, FD_ME",ETYMON22,,,noun,Hebrew,בשר,bśr,bāśār,ba:ɬa:r,M,FALSE,qatal,bĕśārîm,bəɬa:ri:m,qatal,u:,NA,,,,,
N73,flesh/meat,"BP_FL, FD_ME",,,,noun,Arabic,لحم,lḥm,laḥm,laħm,M,FALSE,qatl,"luḥūm, liḥām","luħu:m, liħa:m","qutu:l, qita:l",,NA,,,,,
ETYMON21,,"BP_FL, FD_ME",,θiˀr-,,noun,Proto-Semitic,,,,,,,,,,,,,,,,,
ETYMON22,,"BP_FL, FD_ME",,baɬar,,noun,Proto-Semitic,,,,,,,,,,,,,,,,,
N74,arm/hand,"BP_AR, BP_HN",,,,noun,Akkadian,,,qātum,qa:tum,F,FALSE,qāl,"qātātum, qātān","qa:ta:tum, qa:ta:n",same,"a:t, a:n",NA,dual,,,,
N75,arm/hand,"BP_AR, BP_HN",ETYMON23,,,noun,Syriac,ܝܕ,yd,yad,jad,F,FALSE,qal,"idē, idayyā","ide:, idayya:",same,u:,NA,,,,,
N76,arm/hand,"BP_AR, BP_HN",ETYMON23,,,noun,Ethiopic,እድ,ʼədə,ʼəd,ʔɨd,,FALSE,qal,"ʼədaw, ʼaʼdāw","ʔɨdaw, ʔaʔda:w","qtl, ʔaqta:l",,NA,,,,,
N77,arm/hand,"BP_AR, BP_HN",ETYMON23,,,noun,Hebrew,יד,yd,yād,ja:d,F,FALSE,qal,,"yādayim, yādōt",same,a:t,NA,dual,,,,
N78,arm/hand,"BP_AR, BP_HN",ETYMON23,,,noun,Arabic,يد,yd,yad,jad,F,FALSE,qal,"ʼaydin, ʼayādin","ʔajdin, ʔaja:din","qatl, qata:l",,NA,,,,,
ETYMON23,,"BP_AR, BP_HN",,jad-,,noun,Proto-Semitic,,,,,,,,,,,,,,,,,
N80,fly,AN_FL,ETYMON24,,,noun,Akkadian,,,zubbum,zubbum,M,FALSE,qutl,zubbū,zubbu:,same,u:,NA,,,,,
N81,fly,AN_FL,ETYMON24,,,noun,Syriac,ܕܒܒ,dbb,dabbāb,dabba:b,M,FALSE,qatta:l,dabbābē,dabba:be:,same,u:,NA,,,,,
N82,fly,AN_FL,ETYMON24,,,noun,Ethiopic,ዝንብ,zənəbə,zənb,zɨnb,,FALSE,qutl,,,,,NA,,,,,
N83,fly,AN_FL,ETYMON24,,,noun,Hebrew,זבוב,zbwb,zĕbûb,zəbu:b,M,FALSE,qutul,,zĕbûbîm,same,u:,NA,,,,,
N84,fly,AN_FL,ETYMON24,,,noun,Arabic,ذبابة,ḏbʼbh,ḏubāba,ðuba:ba,F,TRUE,qutal,"ʼaḏibba, ḏibbān","ʔaðibba, ðibba:n","ʔaqitl, qitla:n",,NA,,,,,
ETYMON24,,AN_FL,,ðubb-,,noun,Proto-Semitic,,,,,,,,,,,,,,,,,
N85,night,TI_NG,,,,noun,Akkadian,,,mūšum,mu:ʃum,M,FALSE,qūl,NA,NA,NA,NA,,,,,,
N86,night,TI_NG,ETYMON25,,,noun,Syriac,ܠܠܝ,lly,lêl(y),le:l,M,FALSE,,"laylē, laylawwātā","lajle:, lajlawwa:ta:",qatl,"u:, a:t",,,,,,
N87,night,TI_NG,ETYMON25,,,noun,Ethiopic,ሌሊት,lelitə,lelit,lelit,,TRUE,,layāləy,laja:lɨj,,,,,,,,
N88,night,TI_NG,ETYMON25,,,noun,Hebrew,לילה,lylh,laylâ,layla:,M,TRUE,*qatlat,,lêlôt,,,,,,,,
N89,night,TI_NG,ETYMON25,,,noun,Arabic,ليلة,lylh,layla,lajla,F,TRUE,,"laylāt, layālin, layāʼil","lajla:t, laja:lin, laja:ʔil","same, qata:lin, qata:ʔil",a:t,,,,,,
ETYMON25,,TI_NG,,lajl-,,noun,Proto-Semitic,,,,,,,,,,,,,,,,,
N90,ear,BP_EA,ETYMON26,,,noun,Akkadian,,,uznum,uznum,F,FALSE,qutl,"uznū, uznāt","uznu:, uzna:t",same,"u:, a:t",,,,,,uznā (dual)
N91,ear,BP_EA,ETYMON26,,,noun,Syriac,ܐܕܢ,ʼdn,ʼedn,ʔedn,F,FALSE,qitl,ʼednē,ʔedne:,same,u:,,,,,,
N92,ear,BP_EA,ETYMON26,,,noun,Ethiopic,እዝን,ʼəzənə,ʼəzn,ʔɨzn,,FALSE,qutl/qitl,"ʼəzan, ʼaʼzān","ʔɨzan, ʔaʔza:n","*qutal/qital, ʔaqta:l",,,,,,,
N93,ear,BP_EA,ETYMON26,,,noun,Hebrew,אוזן,ˀwzn,ˀôzen,ˀo:zen,F,FALSE,qutl,,ˀoznayim,,,,,,,,
N94,ear,BP_EA,ETYMON26,,,noun,Arabic,أذن,ʼḏn,ʼuḏn,ʔuðn,F,FALSE,qutl,ʼāḏān,ʔa:ða:n,*qa:ta:l,,,,,,,
ETYMON26,,BP_EA,,ˀuðn-,,noun,Proto-Semitic,,,,,,,,,,,,,,,,,
N95,neck,BP_NK,ETYMON27,,,noun,Akkadian,,,kišād,kiʃa:d,M,FALSE,qitāl,kišādāt,kiʃa:da:t,same,a:t,,,,,,
N96,neck,BP_NK,ETYMON28,,,noun,Syriac,ܨܘܪ,ṣwr,ṣwar,s'war,M,FALSE,,ṣawrē,s'awre:,,*u:,,,,,,
N97,neck,BP_NK,,,,noun,Syriac,,,,pa:rqa:,,,,,,,,,,,,,
N98,neck,BP_NK,ETYMON27,,,noun,Ethiopic,"ክሳድ, ክሣድ","kəsādə, kəśādə",kəsād,kɨsa:d,,FALSE,*quta:l/qita:l,"kəsādāt, kasāwəd, kəsāwəd","kɨsa:da:t, kasa:wɨd, kɨsa:wɨd","*quta:l/qita:l, qVta:wVl",,,,,,,
N99,neck,BP_NK,ETYMON28,,,noun,Hebrew,צואר,ṣwˀr,ṣawwāˀr,s'awwa:ˀr,M,FALSE,*qattal,ṣawwĕˀrim,s'awwəʔrim,,,,,,,,
N100,neck,BP_NK,,,,noun,Arabic,رقبة,rqbh,raqaba,raqaba,,,*qatala,"raqabāt, riqāb","raqaba:t, riqa:b","*qatal, qita:l",a:t,,,,,,
ETYMON27,,BP_NK,,kisa:d-,,noun,Proto-Semitic,,,,,,,,,,,,,,,,,
ETYMON28,,BP_NK,,ts'wr?,,noun,Proto-Semitic,,,,,,,,,,,,,,,,,
N101,horse,AN_HO,ETYMON29,,,noun,Akkadian,,,sūs,su:s,M,FALSE,qūl,,see note,,,,borrowed,,,,"only a few instances from EA in WS form sūsīma, according to CAD"
N102,horse,AN_HO,ETYMON29?,,,noun,Akkadian,,,sīsû,si:su:,M,FALSE,qi:tul?,,,,,,borrowed,,,,
N103,horse,AN_HO,ETYMON29,,,noun,Syriac,ܣܘܣܝ,swsy,susay,susaj,M,FALSE,,susē,suse:,same,*u:,,borrowed,,,,
N104,horse,AN_HO,ETYMON30,,,noun,Ethiopic,ፈረስ,farasə,faras,faras,,FALSE,*qatal,ʼafrās,ʔafra:s,*ʔaqta:l,,,,,,,
N105,horse,AN_HO,ETYMON29,,,noun,Hebrew,סוס,sws,sûs,su:s,M,FALSE,*qūl,sûsîm,su:si:m,same,-u:,,borrowed,,,,
N106,horse,AN_HO,ETYMON30,,,noun,Arabic,فرس,frs,faras,faras,MF,FALSE,*qatal,ʼafrās,ʔafra:s,*ʔaqta:l,,,,,,,
N107,horse,AN_HO,,,,noun,Arabic,حصان,ḥṣʼn,ḥiṣān,ħisˤa:n,M,FALSE,*qita:l,"ḥuṣun, ʼaḥṣina","ħusˤun, ʔaħsˤina","*qutul, *ʔaqtila",,,,,,,
ETYMON29,,AN_HO,,tswts,,noun,Proto-Semitic,,,,,,,,,,,,,,,,,
ETYMON30,,AN_HO,,prts,,noun,Proto-Semitic,,,,,,,,,,,,,,,,,
N108,wine,FD_WI,,,,noun,Akkadian,,,karān,kara:n,M,FALSE,qatāl,see note,,,,,,,,,pl only written logographically
N109,wine,FD_WI,,ħamar,,noun,Syriac,ܚܡܪ,ḥmr,ḥmār,ħma:r,M,FALSE,*qita:l,ḥmārē,ħma:re:,same,*u:,,,,,,
N110,wine,FD_WI,ETYMON31,,,noun,Ethiopic,,,wäyn,,,,,,,,,,,,,,
N111,wine,FD_WI,ETYMON31,,,noun,Hebrew,יין,yyn,yayin,yayin,M,FALSE,*qatl ,NA,NA,NA,NA,,borrowed?,,,,
N112,wine,FD_WI,,,,noun,Arabic,,,,,,,,,,,,,,,,,
ETYMON31,,FD_WI,,wyn,,noun,Proto-Semitic,,,,,,,,,,,,,,,,,
A1,far,SR_FR,,,,adjective,Akkadian,,,nesû,nesu:,,,qital?,,,,,,,,,,
A2,far,SR_FR,ETYMON32,,,adjective,Syriac,ܪܚܝܩ,rḥyq,raḥḥiq,raħħi:q,,,qattil,,,,,,,,,,
A3,far,SR_FR,ETYMON32,,,adjective,Ethiopic,ርሑቅ,rəḥuqə,rəḥuq,rɨħuk’,,,qatul,,,,,,,,,,
A4,far,SR_FR,ETYMON32,,,adjective,Hebrew,רחוק,rḥq,rāḥôq,ra:ħo:k',,,qatul,,,,,,,,,,
A5,far,SR_FR,,,,adjective,Arabic,بعيد,bˤyd,baˤīd,baʕi:d,,,,,,,,,,,,,
ETYMON32,,SR_FR,,raħvk’,,adjective,Proto-Semitic,,,,,,,,,,,,,,,,,
N113,house,DF_HS,ETYMON33,,,noun,Akkadian,,,bīt,bi:t,M,FALSE,qatl,bītāt,bi:ta:t,same,a:t,,,,,,
N114,house,DF_HS,ETYMON33,,,noun,Syriac,ܒܝܬ,byt,bet,bet,M,FALSE,qatl,bāttē,ba:tte:,*qatall,*u:,,,,,,
N115,house,DF_HS,ETYMON33,,,noun,Ethiopic,ቤት,betə,bet,bet,,FALSE,qatl,ʼabyāt,ʔabja:t,*ʔaqta:l,,,,,,,
N116,house,DF_HS,ETYMON33,,,noun,Hebrew,בית,byt,bāyīt,ba:ji:t,M,FALSE,qatl,bāttīm,ba:tti:m,qatall,u:,,,,,,
N117,house,DF_HS,ETYMON33,,,noun,Arabic,بيت,byt,bayt,bajt,M,FALSE,qatl,"buyūt, buyūtāt","buju:t, buju:ta:t",*qutu:l,a:t,,,,,,
ETYMON33,,DF_HS,,bajt,,noun,Proto-Semitic,,,,,,,,,,,,,,,,,
N118,stone/rock,PW_SR,ETYMON34,,,noun,Akkadian,,,abn,abn,BOTH,FALSE,qatl,"abnū, abnāt","abnu:, abna:t",same,"u:, a:t",,,,,,
N119,stone/rock,PW_SR,,,,noun,Syriac,ܟܐܦ,kʼp,kêp,ke:p,F,FALSE,,kêpē,ke:pe:,same,*u:,,,,,,
N120,stone/rock,PW_SR,ETYMON34,,,noun,Ethiopic,እብን,ʼəbənə,ʼəbn,ʔɨbn,,FALSE,*qutl/qitl,"ʼəban, ʼaʼbān, ʼaʼbānāt","ʔɨban, ʔaʔba:n, ʔaʔba:na:t","qi/utal, ʔaqta:l",a:t,,,,,,
N121,stone/rock,PW_SR,ETYMON34,,,noun,Hebrew,אבן,ˀbn,ˀeben,ˀeben,F,FALSE,qatl,ˀăbānīm,ʔaba:ni:m,qatal,u:,,,,,,
N122,stone/rock,PW_SR,,,,noun,Arabic,حجر,ḥǧr,ḥaǧar,ħad͡ʒar,M,FALSE,*qatal,"ʼaḥǧār, ḥiǧāra, ḥiǧār","ʔaħd͡ʒa:r, ħid͡ʒa:ra, ħid͡ʒa:r","*ʔaqta:l, qita:la, qita:l",,,,,,,
ETYMON34,,PW_SR,,ʔabn,,noun,Proto-Semitic,,,,,,,,,,,,,,,,,
A6,bitter,SP_BI,ETYMON35,,,adjective,Akkadian,,,murr,murr,,,qutl,,,,,,,,,,
A7,bitter,SP_BI,ETYMON35,,,adjective,Syriac,ܡܪܝܪ,mryr,marrir,marrir,,,qattil,,,,,,,,,,
A8,bitter,SP_BI,ETYMON35,,,adjective,Ethiopic,ምሩር,mərurə,mərur,mɨrur,,,qatul,,,,,,,,,,
A9,bitter,SP_BI,ETYMON35,,,adjective,Hebrew,מר,mr,mar,marr,,,qatl,,,,,,,,,,
A10,bitter,SP_BI,ETYMON35,,,adjective,Arabic,مر,mr,,murr,,,,,,,,,,,,,
ETYMON35,,SP_BI,,marr,,adjective,Proto-Semitic,,,,,,,,,,,,,,,,,
N123,tooth,BP_TO,ETYMON36,,,noun,Akkadian,,,šinn,ʃinn,F,FALSE,qitl,"šinnāt, šinnān","ʃinna:t, ʃinna:n",same,"u:, a:n",,,,,,
N124,tooth,BP_TO,ETYMON36,,,noun,Syriac,ܫܢ,šn,šenn,ʃenn,M,FALSE,*qitl,šennē,ʃenne:,same,*u:,,,,,,
N125,tooth,BP_TO,ETYMON36,,,noun,Ethiopic,ስን,sənə,sənn,sɨnn,,FALSE,*qitl,"sənan, ʼasnān","sɨnan, ʔasna:n","qi/utal, ʔaqta:l",,,,,,,
N126,tooth,BP_TO,ETYMON36,,,noun,Hebrew,שן,šn,šenn,ʃe:nn,F,FALSE,*qitl,šinnīm,ʃinni:m,same,*u:,,,,,,
N127,tooth,BP_TO,ETYMON36,,,noun,Arabic,سن,sn,sinn,sinn,F,FALSE,*qitl,"ʼasnān, ʼasinna, ʼasunn","ʔasna:n, ʔasinna, ʔasunn","ʔaqta:l, ʔaqitla, ʔaqutl",,,,,,,
ETYMON36,,BP_TO,,sinn-,,noun,Proto-Semitic,,,,,,,,,,,,,,,,,
N128,hair,BP_HA,ETYMON37,,,noun,Akkadian,,,šārtum,ʃa:rtum,F,TRUE,qāl-t,šārātum,ʃa:ra:tum,same,a:t,,,,,,
N129,hair,BP_HA,ETYMON37,,,noun,Syriac,ܣܥܪ,sˤr,sˤar,sʕar,M,FALSE,,,,,,,,,,,
N130,hair,BP_HA,ETYMON37,,,noun,Ethiopic,"ሥዕርት, ስእርት","śəˤərətə, səʔərətə", śəˤərt,ɬɨʕɨrt,,TRUE,,,,,,,,,,,
N131,hair,BP_HA,ETYMON37,,,noun,Hebrew,שער,śʕr ,śēˤār,ɬe:ʕa:r,M,FALSE,qital,NA,NA,NA,NA,,,,,,
N132,hair,BP_HA,ETYMON37,,,noun,Arabic,شعر,šˤr,"šaˤr, šaˤar","ʃaʕr, ʃaʕar",M,FALSE,"*qatl, qatal",šuˤūr,ʃuʕu:r,*qutu:l,,,,,,,
ETYMON37,,BP_HA,,ɬaˤr-,,noun,Proto-Semitic,,,,,,,,,,,,,,,,,
A11,big,SR_XL,ETYMON38,,,adjective,Akkadian,,,rabû,rabu:,,,qatil,,,,,,,,,,
A12,big,SR_XL,ETYMON39,,,adjective,Syriac,ܪܒ,rb,rabb,rabb,,,qatil,,,,,,,,,,
A13,big,SR_XL,ETYMON40,,,adjective,Ethiopic,ዐቢይ,ˤabiyə,ˤabiyy,ʕabijj,,,qatil,,,,,,,,,,
A14,big,SR_XL,ETYMON41,,,adjective,Hebrew,גדול,gdwl,gādōl,ga:do:l,,,qatul,,,,,,,,,,
A15,big,SR_XL,ETYMON42,,,adjective,Arabic,كبير,kbyr,kabīr,kabi:r,,,qati:l,,,,,,,,,,
ETYMON38,,SR_XL,,rabij,,adjective,Proto-Semitic,,,,,,,,,,,,,,,,,
ETYMON39,,SR_XL,,rabb,,adjective,Proto-Semitic,,,,,,,,,,,,,,,,,
ETYMON40,,SR_XL,,ˤby,,adjective,Proto-Semitic,,,,,,,,,,,,,,,,,
ETYMON41,,SR_XL,,gdl,,adjective,Proto-Semitic,,,,,,,,,,,,,,,,,
ETYMON42,,SR_XL,,kbr,,adjective,Proto-Semitic,,,,,,,,,,,,,,,,,
NM1,one (m),"QN_ON, QN_AO, QN_NN",ETYMON43,,,numeral,Akkadian,,,ištēn,iʃte:n,,,,,,,,,,,,,
NM2,one (m),"QN_ON, QN_AO, QN_NN",ETYMON44,,,numeral,Syriac,ܚܕ,ḥd,ḥad,ħad,,,,,,,,,,,,,
NM3,one (m),"QN_ON, QN_AO, QN_NN",ETYMON44,,,numeral,Ethiopic,አሐዱ,ʼaḥadu,ʼaḥadu,ʔaħadu,,,,,,,,,,,,,
NM4,one (m),"QN_ON, QN_AO, QN_NN",ETYMON44,,,numeral,Hebrew,"אחד, אחת","ˀḥd, ˀḥt","ˀeḥād, ˀaḥat","ʔeħa:d, ʔaħat",,,,ˀăḥādīm,ʔaħa:di:m,*qatal,*u:,,,,,,
NM5,one (m),"QN_ON, QN_AO, QN_NN",ETYMON44,,,numeral,Arabic,"واحد, وحد","wʼḥd, wḥd",wāḥid,wa:ħid,,,,,,,,,,,,,
ETYMON43,,"QN_ON, QN_AO, QN_NN",,ˤast-aj,,numeral,Proto-Semitic,,,,,,,,,,,,,,,,,
ETYMON44,,"QN_ON, QN_AO, QN_NN",,ʔaħad,,numeral,Proto-Semitic,,,,,,,,,,,,,,,,,
PN17,who?,,ETYMON45,,,pronoun,Akkadian,,,mannu,mann,,,,,,,,,,,,,
PN18,who?,,ETYMON45,,,pronoun,Syriac,ܡܢ,mn,man,man,,,,,,,,,,,,,
PN19,who?,,ETYMON45,,,pronoun,Ethiopic,መኑ,manu,mannu,mannu,,,,,,,,,,,,,
PN20,who?,,ETYMON46,,,pronoun,Hebrew,מי,my,mî,mi:,,,,,,,,,,,,,
PN21,who?,,ETYMON45,,,pronoun,Arabic,من,mn,man,man,,,,,,,,,,,,,
ETYMON45,,,,mann-,,pronoun,Proto-Semitic,,,,,,,,,,,,,,,,,
ETYMON46,,,,miy,,pronoun,Proto-Semitic,,,,,,,,,,,,,,,,,
PN22,"3sg pronoun, nom, ms",,ETYMON47,,,pronoun,Akkadian,,,šū,ʃu:,,,,,,,,,,,,,
PN23,"3sg pronoun, nom, ms",,ETYMON47,,,pronoun,Syriac,ܗܘ,hw,hu,hu,,,,,,,,,,,,,
PN24,"3sg pronoun, nom, ms",,ETYMON47,,,pronoun,Ethiopic,ውእቱ,wəʼətu,wəʼətu,wɨʔɨtu,,,,,,,,,,,,,
PN25,"3sg pronoun, nom, ms",,ETYMON47,,,pronoun,Hebrew,הוא,hwˀ,hûˀ,hu:,,,,,,,,,,,,,
PN26,"3sg pronoun, nom, ms",,ETYMON47,,,pronoun,Arabic,هو,hw,huwa,huwa,,,,,,,,,,,,,
ETYMON47,,,,suʔa,,pronoun,Proto-Semitic,,,,,,,,,,,,,,,,,
PN27,"3sg pronoun, nom, fs",,ETYMON48,,,pronoun,Akkadian,,,šī,ʃi:,,,,,,,,,,,,,
PN28,"3sg pronoun, nom, fs",,ETYMON48,,,pronoun,Syriac,ܗܝ,hy,hi,hi,,,,,,,,,,,,,
PN29,"3sg pronoun, nom, fs",,ETYMON48,,,pronoun,Ethiopic,ይእቲ,yəʼəti,yəʼəti,yɨʔɨti,,,,,,,,,,,,,
PN30,"3sg pronoun, nom, fs",,ETYMON48,,,pronoun,Hebrew,היא,hyˀ,hîˀ,hi:,,,,,,,,,,,,,
PN31,"3sg pronoun, nom, fs",,ETYMON48,,,pronoun,Arabic,هي,hy,hiya,hija,,,,,,,,,,,,,
ETYMON48,,,,siʔa,,pronoun,Proto-Semitic,,,,,,,,,,,,,,,,,
PN32,"3sg pronoun, nom, mp",,,,,pronoun,Akkadian,,,,,,,,,,,,,,,,,
PN33,"3sg pronoun, nom, mp",,,,,pronoun,Syriac,,,,,,,,,,,,,,,,,
PN34,"3sg pronoun, nom, mp",,,,,pronoun,Ethiopic,,,,,,,,,,,,,,,,,
PN35,"3sg pronoun, nom, mp",,,,,pronoun,Hebrew,,,,,,,,,,,,,,,,,
PN36,"3sg pronoun, nom, mp",,,,,pronoun,Arabic,,,,,,,,,,,,,,,,,
ETYMON49,,,,,,,,,,,,,,,,,,,,,,,,
PN37,"3sg pronoun, nom, fp",,,,,pronoun,Akkadian,,,,,,,,,,,,,,,,,
PN38,"3sg pronoun, nom, fp",,,,,pronoun,Syriac,,,,,,,,,,,,,,,,,
PN39,"3sg pronoun, nom, fp",,,,,pronoun,Ethiopic,,,,,,,,,,,,,,,,,
PN40,"3sg pronoun, nom, fp",,,,,pronoun,Hebrew,,,,,,,,,,,,,,,,,
PN41,"3sg pronoun, nom, fp",,,,,pronoun,Arabic,,,,,,,,,,,,,,,,,
ETYMON50,,,,,,,,,,,,,,,,,,,,,,,,
,add: poss and obj,,,,,,,,,,,,,,,,,,,,,,,
,,,,,,,,,,,,,,,,,,,,,,,,
N133,leg/foot,"BP_LE, BP_FT",ETYMON51,,,noun,Akkadian,,,šēp,ʃe:p,F,FALSE,qil? or qīl?,"šēpēt, šēpāt","ʃe:pe:t, ʃe:pa:t",same,a:t,,,,,,
N134,leg/foot,"BP_LE, BP_FT",ETYMON52,,,noun,Syriac,ܪܓܠ,rgl,rgel,rgel,F,FALSE,,reglē,regle:,same,*u:,,,,,,
N135,leg/foot,"BP_LE, BP_FT",ETYMON52,,,noun,Ethiopic,እግር,ʼəgərə,ʼəgr,ʔɨgr,,FALSE,*qutl/qitl,"ʼəgar, ʼaʼgār","ʔɨgar, ʔaʔga:r","qi/utal, ʔaqta:l",,,,,,,
N136,leg/foot,"BP_LE, BP_FT",ETYMON52,,,noun,Hebrew,רגל,rgl,regel,regel,F,FALSE,*qatl,rĕgālīm,rəga:li:m,qatal,*u:,,,,,,
N137,leg/foot,"BP_LE, BP_FT",ETYMON52,,,noun,Arabic,رجل,rǧl,riǧl,rid͡ʒl,F,FALSE,*qitl,ʼarǧul,ʔard͡ʒul,*ʔaqtul,,,,,,,
ETYMON51,,"BP_LE, BP_FT",,ɬapˤ-,,noun,Proto-Semitic,,,,,,,,,,,,,,,,,
ETYMON52,,"BP_LE, BP_FT",,rigl,,noun,Proto-Semitic,,,,,,,,,,,,,,,,,
N138,horn,BP_HO,ETYMON53,,,noun,Akkadian,,,qarn,k'arn,F,FALSE,qatl,"qarnū, qarnāt, qarnān","k'arnu:, k'arna:t, k'arna:n",same,"u:, a:t, a:n",,,,,,
N139,horn,BP_HO,ETYMON53,,,noun,Syriac,ܩܪܢ,qrn,qren,qren,F,FALSE,qatl,qarnē,qarne:,same,u:,,,,,,
N140,horn,BP_HO,ETYMON53,,,noun,Ethiopic,ቀርን,qarənə,qarn,k’arn,,FALSE,qatl,ʼaqrənt,ʔak’rɨnt,*ʔaqtult/ʔaqtilt,,,,,,,
N141,horn,BP_HO,ETYMON53,,,noun,Hebrew,קרן,qrn,qeren,k'eren,F,FALSE,qatl,qĕrānōt,qəra:no:t,*qatal,*a:t,,,,,,
N142,horn,BP_HO,ETYMON53,,,noun,Arabic,قرن,qrn,qarn,qarn,M,FALSE,qatl,qurūn,quru:n,*qutu:l,,,,,,,
ETYMON53,,BP_HO,,k’arn-,,noun,Proto-Semitic,,,,,,,,,,,,,,,,,
PN42,this,,ETYMON54,,,pronoun,Akkadian,,,annû,annu:,M,FALSE,qatil,annûti,annu:ti,same,-ti?,,,,,,
PN43,this,,ETYMON54,,,pronoun,Syriac,ܗܢܐ,hnʼ,hānā,ha:na:,,,,,,,,,,,,,
PN44,this,,ETYMON55,,,pronoun,Ethiopic,ዝ,zə,zə,zɨ,,,,,,,,,,,,,
PN45,this,,ETYMON55,,,pronoun,Hebrew,זה,zh,zê,ze,M,TRUE,,,,,,,,,,,
PN46,this,,ETYMON55,,,pronoun,Arabic,هذا,hḏʼ,hāḏā,ha:ða:,,,,,,,,,,,,,
ETYMON54,,,,hannij-,,pronoun,Proto-Semitic,,,,,,,,,,,,,,,,,
ETYMON55,,,,ða:,,pronoun,Proto-Semitic,,,,,,,,,,,,,,,,,
N143,fish,AN_FI,ETYMON56,,,noun,Akkadian,,,nūnum,nu:num,M,FALSE,qūl,only logographic,,,,,,,,,
N144,fish,AN_FI,ETYMON56,,,noun,Syriac,ܢܘܢ,nwn,nun,nun,M,FALSE,,nunē,nune:,same,*u:,,,,,,
N145,fish,AN_FI,,,,noun,Ethiopic,ዓሣ,ˤāśā,ˤāśā,ʕa:ɬa:,,,,,,,,,,,,,
N146,fish,AN_FI,ETYMON57,,,noun,Hebrew,דג,dg,dāg,da:g,M,FALSE,*qal,dāgîm,da:gi:m,same,*u:,,,,,,
N147,fish,AN_FI,,,,noun,Arabic,سمك,smk,samak,samak,M,FALSE,*qatal,"simāk, ʼasmāk","sima:k, ʔasma:k","*qita:l, ʔaqta:l",,,,,,,
ETYMON56,,AN_FI,,nu:n,,noun,Proto-Semitic,,,,,,,,,,,,,,,,,
ETYMON57,,AN_FI,,dag,,noun,Proto-Semitic,,,,,,,,,,,,,,,,,
AV1,yesterday,TI_YD,ETYMON58,,,adverb,Akkadian,,,amšāli,amʃa:li,,,,,,,,,,,,,
AV2,yesterday,TI_YD,ETYMON58,,,adverb,Syriac,ܐܬܡܠܝ,ʼtmly,etmāl,ʔetma:l,,,,,,,,,,,,,
AV3,yesterday,TI_YD,ETYMON58,,,adverb,Ethiopic,ትማልም,təmāləmə,təmāləm,tɨma:lɨm,,,,,,,,,,,,,
AV4,yesterday,TI_YD,ETYMON58,,,adverb,Hebrew,תמול,tmwl,təmôl,təmo:l,,,,,,,,,,,,,
AV5,yesterday,TI_YD,,,,adverb,Arabic,أمس,ʼms,ʼams,ʔams,,,,,,,,,,,,,
ETYMON58,,TI_YD,,tima:l-,,adverb,Proto-Semitic,,,,,,,,,,,,,,,,,
A16,black,SP_BK,ETYMON59,,,Adjective,Akkadian,,,ṣalmum,s'almum,,,qatl,,,,,,,,,,
A17,black,SP_BK,,,,Adjective,Syriac,ܐܘܟܡ,ʼwkm,ukkām,ukka:m,,,,,,,,,,,,,
A18,black,SP_BK,ETYMON59,,,Adjective,Ethiopic,ጸሊም,ṣalimə,ṣallim,s’allim,,,,,,,,,,,,,
A19,black,SP_BK,,,,Adjective,Hebrew,שחור,šḥwr,šāḥōr,ʃa:ħo:r,,,qatull,,,*qatul,,,,,,,
A20,black,SP_BK,,,,Adjective,Arabic,أسود,ʼswd,ʼaswad,ʔaswad,,,,,,,,,,,,,
ETYMON59,,SP_BK,,θ’alim-,,adjective,Proto-Semitic,,,,,,,,,,,,,,,,,
N148,navel,BP_NV,,,,noun,Akkadian,,,abunnatum,abunnatum,F,TRUE,qatull-at?,NA,NA,NA,NA,,,,,,
N149,navel,BP_NV,,,,noun,Syriac,ܟܢܘܫܪ,knwšr,knušer,knuʃer,M,FALSE,,,,,,,,,,,
N150,navel,BP_NV,ETYMON60,,,noun,Syriac,ܫܘܪ,šwr,šur,ʃur,M,FALSE,,,,,,,,,,,
N151,navel,BP_NV,,,,noun,Ethiopic,ሕንብርት,ḥənəbərətə,ḥənbərt,ħɨnbɨrt,,TRUE,,,,,,,,,,,
N152,navel,BP_NV,ETYMON60,,,noun,Hebrew,שר,šr,šōr,ʃo:r,M,FALSE,*qutl,NA,NA,NA,NA,,,,,,
N153,navel,BP_NV,ETYMON60,,,noun,Arabic,سرة,srh,surra,surra,F,TRUE,,"surrāt, surar","surra:t, surar",*qutal,*a:t,,,,,,
ETYMON60,,BP_NV,,surr,,noun,Proto-Semitic,,,,,,,,,,,,,,,,,
N154,back,BP_BA,ETYMON61,,,noun,Akkadian,,,ṣērum,s'e:rum,M,FALSE,"qil, qīl?","ṣērū, ṣērān","s'e:ru:, s'e:ra:n",same,"u:, a:n",,,,,,
N155,back,BP_BA,,,,noun,Syriac,ܓܦܦ,gpp,gpāp,gpa:p,M,FALSE,,gpāpē,gpa:pe:,same,*u:,,,,,,
N156,back,BP_BA,,,,noun,Ethiopic,ዘባን,zabānə,zabān,zaba:n,,FALSE,*qata:l,zabānāt,zaba:na:t,same,*a:t,,,,,,
N157,back,BP_BA,,,,noun,Hebrew,,gab?,,,,,,,,,,,,,,,
N158,back,BP_BA,,,,noun,Arabic,ظهر,ẓhr,ẓahr,ðˤahr,M,FALSE,*qatl,"ẓuhūr, ʼaẓhur","ðˤuhu:r, ʔaðˤhur","*qutu:l, ʔaqtul",,,,,,,
ETYMON61,,BP_BA,,θ’ahr-,,noun,Proto-Semitic,,,,,,,,,,,,,,,,,
N159,wind,PW_WI,,,,noun,Akkadian,,,šeh̬u,ʃexu,M,FALSE,qil?,NA,NA,NA,NA,,,,,,
N160,wind,PW_WI,ETYMON62,,,noun,Syriac,ܪܘܚ,rwḥ,ruḥ,ruħ,F,FALSE,,ruḥē,ruħe:,same,*u:,,,,,,
N161,wind,PW_WI,,,,noun,Ethiopic,ነፋስ,nafāsə,nafās,nafa:s,,FALSE,*qata:l,,,,,,,,,,
N162,wind,PW_WI,ETYMON62,,,noun,Hebrew,רוח,,rûaḥ,ru:aħ,BOTH,FALSE,*qu:l,rûḥōt,ru:ħo:t,same,*a:t,,,,,,
N163,wind,PW_WI,ETYMON62,,,noun,Arabic,ريح,ryḥ,rīḥ,ri:ħ,F,FALSE,,"riyāḥ, ʼarwāḥ, ʼaryāḥ","rija:ħ, ʔarwa:ħ, ʔarja:ħ","*qita:l, ʔaqta:l",,,,,,,
ETYMON62,,PW_WI,,ru:ħ,,noun,Proto-Semitic,,,,,,,,,,,,,,,,,
ETYMON63,,PW_WI,,,,noun,Proto-Semitic,,,,,,,,,,,,,,,,,
N164,smoke,PW_SM,ETYMON64,,,noun,Akkadian,,,qutrum,k'utrum,M,FALSE,qutl,NA,NA,NA,NA,,,,,,
N165,smoke,PW_SM,ETYMON65,,,noun,Syriac,ܬܢܢ,tnn,tennān,tenna:n,M,FALSE,,,,,,,,,,,
N166,smoke,PW_SM,,,,noun,Ethiopic,ጢስ,ṭisə,ṭis,t’is,,FALSE,,,,,,,,,,,
N167,smoke,PW_SM,ETYMON65,,,noun,Ethiopic,ተን,tannə,tann,tann,,FALSE,,,,,,,,,,,
N168,smoke,PW_SM,,,,noun,Hebrew,עשן,ʕšn,ˤāšān,ʕa:ʃa:n,M,FALSE,*qatal,NA,NA,NA,NA,,,,,,
N169,smoke,PW_SM,,,,noun,Arabic,دخان,dḫʼn,"duḫān, duḫḫān","duxa:n, duxxa:n",M,FALSE,"*quta:l, qutta:l","ʼadḫina, dawāḫin, dawāḫīn","ʔadxina, dawa:xin, dawa:xi:n","*ʔaqtila, qawa:til, qawa:ti:l",,,,,,,
ETYMON64,,PW_SM,,k’ut’ur-,,noun,Proto-Semitic,,,,,,,,,,,,,,,,,
ETYMON65,,PW_SM,,,,noun,Proto-Semitic,,,,,,,,,,,,,,,,,
IN1,what,,ETYMON67,,,interrogative,Akkadian,,,mīnum,mi:num,,,,,,,,,,,,,
IN2,what,,ETYMON66,,,interrogative,Syriac,ܡܐ,mʼ,mā,ma:,,,,,,,,,,,,,
IN3,what,,ETYMON67,,,interrogative,Ethiopic,ምንት,mənətə,mənt,mɨnt,,,,,,,,,,,,,
IN4,what,,ETYMON66,,,interrogative,Hebrew,מה,mh,mā,ma:,,,,,,,,,,,,,
IN5,what,,ETYMON66,,,interrogative,Arabic,ما,mʼ,mā,ma:,,,,,,,,,,,,,
ETYMON66,,,,ma:,,interrogative,Proto-Semitic,,,,,,,,,,,,,,,,,
ETYMON67,,,,min-,,interrogative,Proto-Semitic,,,,,,,,,,,,,,,,,
N170,child (m),MK_CH,,,,noun,Akkadian,,,ṣeh̬rum,s'exrum,M,FALSE,"qitl, or qatl from ṣaḫru?",,,,,,,,,,should we create plurals for adj used substantively like this?
N171,child (m),MK_CH,ETYMON69,,,noun,Syriac,ܒܪ,br,bar,br,M,FALSE,*qal,bnayyā,bnajja:,,,,,,,,
N172,child (m),MK_CH,ETYMON68,,,noun,Ethiopic,ወልድ,walədə,wald,wald,M,,*qatl,wəlud,wɨlud,*qutu:l/qitu:l,,,,,,,
N173,child (m),MK_CH,ETYMON68,,,noun,Hebrew,ילד,yld,yeled,yeled,M,FALSE,*qatl,yĕlādîm,yəla:di:m,*qatal,*u:,,,,,,
N174,child (m),MK_CH,ETYMON68,,,noun,Arabic,ولد,wld,walad,walad,M,FALSE,*qatal,"ʼawlād, wilda, ʼilda, wuld","ʔawla:d, wilda, ʔilda, wuld","ʔaqta:l, qitla, qutl",,,,,,,
ETYMON68,,MK_CH,,wald,,noun,Proto-Semitic,,,,,,,,,,,,,,,,,
ETYMON69,,MK_CH,,bin,,noun,Proto-Semitic,,,,,,,,,,,,,,,,,
N175,child (f),MK_CH,,,,noun,Akkadian,,,,,,,,,,,,,,,,,
N176,child (f),MK_CH,,,,noun,Syriac,,,,,,,,,,,,,,,,,
N177,child (f),MK_CH,,,,noun,Ethiopic,,,,,,,,,,,,,,,,,
N178,child (f),MK_CH,,,,noun,Hebrew,ילדה,yldh,yaldâ,yalda:,F,TRUE,*qatlat,yĕlādōt,yəla:do:t,*qatal,*a:t,,,,,,
N179,child (f),MK_CH,,,,noun,Arabic,,,,,,,,,,,,,,,,,
ETYMON70,,MK_CH,,,,,,,,,,,,,,,,,,,,,,
ETYMON71,,MK_CH,,,,,,,,,,,,,,,,,,,,,,
N180,egg,BP_EG,,,,noun,Akkadian,,,pelû,pelu:,M,FALSE,"qatul?, qitul?",pelû,pelu:,same,u:,,,,,,
N181,egg,BP_EG,ETYMON72,,,noun,Syriac,"ܒܝܥܐ, ܒܥܐ","byˤʼ, bˤʼ",bêˤā,be:ʕa:,F,TRUE,,"bêˤē, bêˤātā","be:ʕe:, be:ʕa:ta:",same,"*u:, *a:t",,,,,,
N182,egg,BP_EG,,,,noun,Ethiopic,"አንቆቅሆ, እንቆቅሆ, አንቆቍሆ, እንቆቍሆ, አንቆቅሖ, እንቆቅሖ","ʼanqoqəho, ʼənqoqəho, ʼanqoqʷəho, ʼənqoqʷəho, ʼanqoqəḥo, ʼənqoqəḥo",ʼanqoqəho,ʔank’ok’ɨho,,FALSE,,,,,,,borrowed,cushitic?,"Oromo: (h)anqāqū; Saho: unqāqoho, ənqʷalaləḥ; Hadiya: qunqa; Somali: ugah",,
N183,egg,BP_EG,ETYMON72,,,noun,Hebrew,ביצה,byṣh,bêṣâ,be:s'a:,F,TRUE,*qatlat,bêṣîm,be:s'i:m,*qatl,*u:,,,,,,
N184,egg,BP_EG,ETYMON72,,,noun,Arabic,بيضة,byḍh,bayḍa,bajdˤa,F,TRUE,*qatla,bayḍāt,bajdˤa:t,same,*a:t,,,,,,
ETYMON72,,BP_EG,,bajɬ’-at-,,noun,Proto-Semitic,,,,,,,,,,,,,,,,,
A21,new,TI_NW,ETYMON73,,,Adjective,Akkadian,,,eššum,eʃʃum,,,,,,,,,,,,,
A22,new,TI_NW,ETYMON73,,,Adjective,Syriac,ܚܕܬ,ḥdt,ḥaddet,ħaddet,,,,,,,,,,,,,
A23,new,TI_NW,ETYMON73,,,Adjective,Ethiopic,ሐዲስ,ḥadisə,ḥaddis,ħaddis,,,,,,,,,,,,,
A24,new,TI_NW,ETYMON73,,,Adjective,Hebrew,חדש,ḥdš,ḥādāš,ħa:da:ʃ,,,*qatal,,,,,,,,,,
A25,new,TI_NW,ETYMON73,,,Adjective,Arabic,حديث,ḥdyṯ,ḥadīṯ,ħadi:θ,,,,,,,,,,,,,
ETYMON73,,TI_NW,,ħadiθ-,,adjective,Proto-Semitic,,,,,,,,,,,,,,,,,
NG1,not ,,ETYMON74,,,negation,Akkadian,,,"ulā, lā","ula:, la:",,,,,,,,,,,,,
NG2,not ,,ETYMON74,,,negation,Syriac,ܠܐ,lʼ,lā,la:,,,,,,,,,,,,,
NG3,not ,,,,,negation,Ethiopic,ኢ,ʼi-,ʼi-,ʔi=,,,,,,,,,,,,,
NG4,not ,,ETYMON74,,,negation,Hebrew,"לא, אל","lˀ, ˀl","lô, ʔal","lo:, ʔal",,,,,,,,,,,,,
NG5,not ,,ETYMON74,,,negation,Arabic,"لا, لم","lʼ, lm","lā, lam","la:, lam",,,,,,,,,,,,,
ETYMON74,,,,,,negation,Proto-Semitic,,,,,,,,,,,,,,,,,
A26,good,EM_GD,,,,Adjective,Akkadian,,,damqum,damk'um,,,,,,,,,,,,,
A27,good,EM_GD,ETYMON75,,,Adjective,Syriac,ܛܒ,ṭb,ṭāb,t'a:b,,,,,,,,,,,,,
A28,good,EM_GD,ETYMON76,,,Adjective,Ethiopic,ኄር,ḫerə,ḫer ,xer,,,,,,,,,,,,,
A29,good,EM_GD,ETYMON75,,,Adjective,Hebrew,טוב,ṭwb,ṭôb,t'o:b,,,,,,,,,,,,,
A30,good,EM_GD,ETYMON75,,,Adjective,Arabic,طيب,ṭyb,ṭayyib,tˤajjib,,,,,,,,,,,,,
A31,good,EM_GD,,,,Adjective,Arabic,جيد,ǧyd,ǧayyid,d͡ʒayyid,,,,,,,,,,,,,
A32,good,EM_GD,,,,Adjective,Arabic,خير,ḫyr,ḫayyir,xajjir,,,,,,,,,,,,,
ETYMON75,,EM_GD,,t’a:b-,,adjective,Proto-Semitic,,,,,,,,,,,,,,,,,
ETYMON76,,EM_GD,,xayr,,adjective,Proto-Semitic,,,,,,,,,,,,,,,,,
N185,knee,BP_KN,ETYMON77,,,noun,Akkadian,,,birkum,birkum,M,FASE,qitl,birkū,birku:,same,u:,,,,,,
N186,knee,BP_KN,ETYMON77,,,noun,Syriac,ܒܪܘܟ,brwk,bruk,bruk,F,FALSE,,burkē,burke:,,*u:,,,,,,
N187,knee,BP_KN,ETYMON77,,,noun,Ethiopic,ብርክ,bərəkə,bərk,bɨrk,,FALSE,*qutl/qitl,"bərak, ʼabrāk","bɨrak, ʔabra:k","*qutal/qital, ʔaqta:l",,,,,,,
N188,knee,BP_KN,ETYMON77,,,noun,Hebrew,ברך,brk,berek,berek,F,FALSE,*qitl,birkayim,birkayim,same,*a:,,,,,,
N189,knee,BP_KN,ETYMON77??,,,noun,Arabic,ركبة,rkbh,rukba,rukba,F,TRUE,*qutla,"rukab, rukbāt","rukab, rukba:t",*qutal,*a:t,,,,,,
ETYMON77,,BP_KN,,birk/burk,,noun,Proto-Semitic,,,,,,,,,,,,,,,,,
N190,sand,PW_SA,ETYMON79,,,noun,Akkadian,,,baṣṣum,bas's'um,M,FALSE,qatl,NA,NA,NA,NA,,,,,,
N191,sand,PW_SA,ETYMON78,,,noun,Syriac,ܚܠ,ḥl,ḥāl,ħa:l,M,FALSE,,,,,,,,,,,
N192,sand,PW_SA,,,,noun,Ethiopic,"ኆጻ, ኆፃ","ḫoṣā, ḫoḍā",ḫoṣā,xos'a:,,FALSE,,,,,,,,,,,
N193,sand,PW_SA,ETYMON78,,,noun,Hebrew,חול,ḥwl,ḥôl,,M,FALSE,*qāl/qawl?,NA,NA,NA,NA,,,,,,
N194,sand,PW_SA,,,,noun,Arabic,رمل,rml,raml,raml,M,FALSE,*qatl,"rimāl, ʼarmul","rima:l, ʔarmul","*qita:l, ʔaqtul",,,,,,,
ETYMON78,,PW_SA,,ħa:l,,noun,Proto-Semitic,,,,,,,,,,,,,,,,,
ETYMON79,,PW_SA,,baɬ’ɬ’,,noun,Proto-Semitic,,,,,,,,,,,,,,,,,
N195,earth/land,PW_EL,ETYMON80,,,noun,Akkadian,,,mātum,ma:tum,F,FALSE?,qāl?,mātātum,ma:ta:tum,same,a:t,,,,,,
N196,earth/land,PW_EL,ETYMON81,,,noun,Syriac,ܐܪܥ,ʼrˤ,ʼaraˤ,ʔaraʕ,F,FALSE,*qatl,ʼarˤātā,ʔarʕa:ta:,same,*a:t,,,,,,
N197,earth/land,PW_EL,,,,noun,Ethiopic,ምድር,mədərə,mədr,mɨdr,,FALSE,*qutl/qitl,"mədrāt, ʼamdār, ʼamdārāt","mɨdra:t, ʔamda:r, ʔamda:ra:t",*ʔaqta:l,*a:t,,,,,,
N198,earth/land,PW_EL,ETYMON81,,,noun,Hebrew,ארץ,ˀrṣ,ʔereṣ,ʔeres',F,FALSE,*qatl,ˀărāṣôt,ʔara:s'o:t,*qatal,*a:t,,,,,,
N199,earth/land,PW_EL,ETYMON81,,,noun,Arabic,أرض,ʼrḍ,ʼarḍ,ʔardˤ,F,FALSE,*qatl,"ʼarāḍin, ʼaraḍūn","ʔara:dˤin, ʔaradˤu:n","*qata:lin, qatal",*u:,,,,,,
ETYMON80,,PW_EL,,ma:t,,noun,Proto-Semitic,,,,,,,,,,,,,,,,,
ETYMON81,,PW_EL,,ˀarɬ’,,noun,Proto-Semitic,,,,,,,,,,,,,,,,,
N200,leaf,AV_LE,,,,noun,Akkadian,,,ḫasḫaltu?,,,,,,,,,,,,,,
N201,leaf,AV_LE,,,,noun,Syriac,ܛܪܦ,ṭrp,ṭrap,t'rap,M,FALSE,*qatl,ṭarpē,t'arpe:,same,*u:,,,,,,
N202,leaf,AV_LE,,,,noun,Ethiopic,ቈጽል,qʷaṣələ,qʷaṣl,k'ʷas'l,,FALSE,*qatl,"qʷaṣlāt, ʼaqʷṣəl","k'ʷas'la:t, ʔak'ʷs'ɨl",*ʔaqtul/ʔaqtil,*a:t,,,,,,
N203,leaf,AV_LE,,,,noun,Hebrew,עלה,ʕlh,ˤālê,ʕa:le:,M,FALSE,*qatil,ʕālîm,ʕa:li:m,*qal,*u:,,,,,,
N204,leaf,AV_LE,,,,noun,Arabic,ورقة,wrqh,waraqa,waraqa,,,*qatala,,,,,,,,,,
,,,,,,,,,,,,,,,,,,,,,,,,
A33,red,SP_RD,ETYMON82,,,Adjective,Akkadian,,,sāmum,sa:mum,,,,,,,,,,,,,
A34,red,SP_RD,,,,Adjective,Syriac,,,šqārā,,,,,,,,,,,,,,
A35,red,SP_RD,,,,Adjective,Ethiopic,"ቀይሕ, ቀዪሕ","qayəḥə, qayiḥə","qayyəḥ, qayyiḥ","k'ayyɨħ, k'ayyiħ",,,,,,,,,,,,,
A36,red,SP_RD,ETYMON83,,,Adjective,Ethiopic,አዳማዊ,ʼadāmāwi,ʼaddāmāwi,ʔadda:ma:wi,,,,,,,,,,,,,
A37,red,SP_RD,ETYMON83,,,Adjective,Hebrew,אדום,ˀdwm,ˀādōm,ʔa:do:m,,,*qatul,,,,,,,,,,
A38,red,SP_RD,,,,Adjective,Arabic,أحمر,ʼḥmr,ʼaḥmar,ʔaħmar,,,,,,,,,,,,,
ETYMON82,,SP_RD,,sa:m,,Adjective,Proto-Semitic,,,,,,,,,,,,,,,,,
ETYMON83,,SP_RD,,ʔadumm,,Adjective,Proto-Semitic,,,,,,,,,,,,,,,,,
N205,liver,BP_LV,,,,noun,Akkadian,,,amūtum,amu:tum,F,FALSE?,qatūl?,NA,NA,NA,NA,,,,,,
N206,liver,BP_LV,ETYMON84,,,noun,Syriac,ܟܒܕ,kbd,kbed,kbed,F,FALSE,,kabdātā,kabda:ta:,,*a:t,,,,,,
N207,liver,BP_LV,ETYMON84,,,noun,Ethiopic,ከብድ,kabədə,kabd,kabd,,,*qatl,,,,,,,,,,
N208,liver,BP_LV,ETYMON84,,,noun,Hebrew,כבד,kbd,kābēd,ka:be:d,M,FALSE,*qatil,NA,NA,NA,NA,,,,,,
N209,liver,BP_LV,ETYMON84,,,noun,Arabic,كبد,kbd,"kabid, kabd, kibd","kabid, kabd, kibd",,FALSE,"*qatil, qatl, qitl","ʼakbād, kubūd","ʔakba:d, kubu:d","*ʔaqta:l, qutu:l",,,,,,,
ETYMON84,,BP_LV,,kabid,,noun,Proto-Semitic,,,,,,,,,,,,,,,,,
N210,skin/hide,BP_SH,ETYMON85,,,noun,Akkadian,,,maškum,maʃkum,M,FALSE,qatl,maškū,maʃku:,same,*u:,,,,,,
N211,skin/hide,BP_SH,ETYMON86,,,noun,Syriac,ܓܠܕ,gld,gled,gld,M,FALSE,,geldē,gelde:,,*u:,,,,,,
N212,skin/hide,BP_SH,ETYMON86,,,noun,Ethiopic,ገልድ,galədə,gald,gald,,,*qatl,,,,,,,,,,
N213,skin/hide,BP_SH,,,,noun,Hebrew,עור,ʕwr,ˤôr,ʕo:r,M,FALSE,*qutl/qūl,ʕōrōt,ʕo:ro:t,same,*a:t,,,,,,
N214,skin/hide,BP_SH,ETYMON87??,,,noun,Arabic,جلد,ǧld,ǧild,d͡ʒild,M,FALSE,*qitl,"ǧulūd, ʼaǧlād","d͡ʒulu:d, ʔad͡ʒla:d","*qutu:l, ʔaqta:l",,,,,,,
ETYMON85,,BP_SH,,mask,,noun,Proto-Semitic,,,,,,,,,,,,,,,,,
ETYMON86,,BP_SH,,galid,,noun,Proto-Semitic,,,,,,,,,,,,,,,,,
ETYMON87,,BP_SH,,gild,,noun,Proto-Semitic,,,,,,,,,,,,,,,,,
N215,ant,AN_IN,ETYMON88,,,noun,Akkadian,,,namālum,nama:lum,M,FALSE,qata:l,NA,NA,NA,NA,,loan,"WSem, EA",,,
N216,ant,AN_IN,,,,noun,Syriac,ܫܘܟܒܢ,šwkbn,šukbān,ʃukba:n,M,FALSE,,,,,,,,,,,
N217,ant,AN_IN,,,,noun,Ethiopic,"ጻጹት, ጻጾት, ጻጼት, ጻፁት, ፃፁት","ṣāṣutə, ṣāṣotə, ṣāṣetə, ṣāḍutə, ḍāḍutə","ṣāṣut, ṣāṣot, ṣāṣet","s'a:s'ut, s'a:s'ot, s'a:s'et",,TRUE,,,,,,,,,,,
N218,ant,AN_IN,ETYMON88,,,noun,Hebrew,נמלה,nmlh,nəmālā,nəma:la:,F,TRUE,*qatal-at,nĕmālîm,nəma:li:m,*qatal,*u:,,,,,,
N219,ant,AN_IN,ETYMON88,,,noun,Arabic,نملة,nmlh,namla,namla,F,TRUE,*qatla,nimāl,nima:l,*qita:l,,,,,,,
ETYMON88,,AN_IN,,nama:l,,noun,Proto-Semitic,,,,,,,,,,,,,,,,,
A39,heavy,SP_HV,ETYMON89,,,Adjective,Akkadian,,,kabtum,kabtum,,,,,,,,,,,,,
A40,heavy,SP_HV,ETYMON90,,,Adjective,Syriac,ܝܩܝܪ,yqyr,yaqqir,jak'k'ir,,,,,,,,,,,,,
A41,heavy,SP_HV,ETYMON89,,,Adjective,Ethiopic,ክቡድ,kəbudə,kəbud,kɨbud,,,,,,,,,,,,,
A42,heavy,SP_HV,ETYMON89,,,Adjective,Hebrew,כבד,kbd,kābēd,ka:be:d,,,,,,,,,,,,,
A43,heavy,SP_HV,ETYMON91,,,Adjective,Arabic,ثقيل,ṯqyl,ṯaqīl,θaqiːl,,,,,,,,,,,,,
ETYMON89,,SP_HV,,kabid,,adjective,Proto-Semitic,,,,,,,,,,,,,,,,,
ETYMON90,,SP_HV,,jak'k'i:r,,adjective,Proto-Semitic,,,,,,,,,,,,,,,,,
ETYMON91,,SP_HV,,θaqiːl,,adjective,Proto-Semitic,,,,,,,,,,,,,,,,,
A44,old,TI_OL,,,,Adjective,Akkadian,,,labirum,labirum,,,,,,,,,,,,,
A45,old,TI_OL,,,,Adjective,Syriac,ܥܬܝܩ,ˤtyq,ˤattiq,ʕattiq,,,,,,,,,,,,,
A46,old,TI_OL,ETYMON92,,,Adjective,Ethiopic,ብሉይ,bəluyə,bəluy,bɨluj,,,,,,,,,,,,,
A47,old,TI_OL,ETYMON93,,,Adjective,Hebrew,זקן,zqn,zāqēn,za:qe:n,,,*qatil,,,,,,,,,,
A48,old,TI_OL,,,,Adjective,Arabic,قديم,qdym,qadīm,qadi:m,,,,,,,,,,,,,
ETYMON92,,TI_OL,,bulu:j,,Adjective,Proto-Semitic,,,,,,,,,,,,,,,,,
ETYMON93,,TI_OL,,ðak'in,,adjective,Proto-Semitic,,,,,,,,,,,,,,,,,
N220,thigh,BP_LE,ETYMON94,,,noun,Akkadian,,,sāqum,sa:k'um,M?,FALSE,qa:l,NA,NA,NA,NA,,,,,,"broken context, hard to tell gender"
N221,thigh,BP_LE,,,,noun,Syriac,ܟܪܥ,krˤ,krāˤ ,kra:ʕ,M,FALSE,,krāˤē,kra:ʕe:,same,*u:,,,,,,
N222,thigh,BP_LE,,,,noun,Ethiopic,ፀኵ ፃኵ ጸኵ ጸክ ጾክ ፀኮ,"ḍakʷə, ḍākʷə, ṣakʷə, ṣakə, ṣokə, ḍako",ḍakʷ,ɬ'akʷ,,FALSE,,,,,,,,,,,
N223,thigh,BP_LE,ETYMON95,,,noun,Hebrew,ירך,yrk,yārēk,ya:re:k,F,FALSE,*qatil,yĕrēkayim,yəre:kayim,same,*a:,,,,,,
N224,thigh,BP_LE,,,,noun,Arabic,فخذ,fḫḏ,"faḫiḏ, faḫḏ, fiḫḏ","faxið, faxð, fixð",F,FALSE,"*qatil, qatl, qitl",ʼafḫāḏ,ʔafxa:ð,*ʔaqta:l,,,,,,,
ETYMON94,,BP_LE,,ʃa:k',,noun,Proto-Semitic,,,,,,,,,,,,,,,,,
ETYMON95,,BP_LE,,warik-,,noun,Proto-Semitic,,,,,,,,,,,,,,,,,
A49,thick,"SR_TS, SR_TD",,,,Adjective,Akkadian,,,kabrum,kabrum,,,,,,,,,,,,,
A50,thick,"SR_TS, SR_TD",,,,Adjective,Syriac,ܥܒܝܛ,ˤbyṭ,ˤabbiṭ,ʕabbit',,,,,,,,,,,,,
A51,thick,"SR_TS, SR_TD",,,,Adjective,Ethiopic,ግዙፍ,gəzufə,gəzuf,gɨzuf,,,,,,,,,,,,,
A52,thick,"SR_TS, SR_TD",ETYMON96,,,Adjective,Hebrew,עבה,ʕbh,ʕābê,ˤa:be,,,,,,,,,,,,,
A53,thick,"SR_TS, SR_TD",,,,Adjective,Arabic,سميك,smyk,samīk,sami:k,,,,,,,,,,,,,
ETYMON96,,"SR_TS, SR_TD",ETYMON97,,,adjective,Proto-Semitic,,,,,,,,,,,,,,,,,
A54,long,SR_LG,ETYMON98,,,Adjective,Akkadian,,,arkum,arkum,,,,,,,,,,,,,
A55,long,SR_LG,ETYMON98,,,Adjective,Syriac,ܐܪܝܟ,ʼryk,arik,arik,,,,,,,,,,,,,
A56,long,SR_LG,,,,Adjective,Ethiopic,"ነዋኅ, ነዊኅ","nawāḫə, nawiḫə","nawwāḫ, nawwiḫ","nawwa:x, nawwix",,,,,,,,,,,,,
A57,long,SR_LG,ETYMON98,,,Adjective,Hebrew,ארוך,ˀrwk,ˀārēk,ˀa:re:k,,,*qatil,,,,,,,,,,
A58,long,SR_LG,,,,Adjective,Arabic,طويل,ṭwyl,ṭawīl,tˤawi:l,,,,,,,,,,,,,
ETYMON97,,SR_LG,,ɣabij,,Adjective,Proto-Semitic,,,,,,,,,,,,,,,,,
ETYMON98,,SR_LG,,ʔarik,,Adjective,Proto-Semitic,,,,,,,,,,,,,,,,,
N225,wood,PW_WD,ETYMON99,,,noun,Akkadian,,,iṣum,is'um,M,FALSE,qil,iṣṣū,is's'u:,qill,*u:,,,,,,
N226,wood,PW_WD,,,,noun,Syriac,ܩܝܣ,qys,qês,qe:s,M,FALSE,,qaysē,qayse:,,*u:,,,,,,
N227,wood,PW_WD,ETYMON99,,,noun,Ethiopic,ዕፅ,ˤəḍə,ˤəḍ,ʕɨɬ',,FALSE,,"ˤəḍaw, ˤəḍawāt","ʕɨɬ'aw, ʕɨɬ'awa:t",,,,,,,,
N228,wood,PW_WD,ETYMON99,,,noun,Hebrew,עץ,ʕṣ,ˤēṣ,ʕe:s',M,FALSE,*qil,ʕēṣîm,ʕe:s'i:m,same,*u:,,,,,,
N229,wood,PW_WD,,,,noun,Arabic,خشب,ḫšb,ḫašab,xaʃab,M,FALSE,*qatal,ʼaḫšāb,ʔaxʃa:b,*ʔaqta:l,,,,,,,
ETYMON99,,PW_WD,,ˤiɬ’-,,noun,Proto-Semitic,,,,,,,,,,,,,,,,,
N230,eye,BP_EY,ETYMON100,,,noun,Akkadian,,,īnum,i:num,,,,,,,,,,,,,
N231,eye,BP_EY,ETYMON100,,,noun,Syriac,ܥܝܢ,ˤyn,ˤên,ʕe:n,F,FALSE,,ˤaynē,ʕayne:,,*u:,,,,,,
N232,eye,BP_EY,ETYMON100,,,noun,Ethiopic,ዐይን,ˤayənə,ˤayn,ʕajn,,FALSE,*qatl,ʼaˤəyyənt,ʔaʕɨjjɨnt,ʔaqVttVlt,,,,,,,
N233,eye,BP_EY,ETYMON100,,,noun,Hebrew,עין,ʕyn,ˤayin,ʕayin,BOTH,FALSE,*qatl,ʕênayim,ʕe:nayim,*qil?,*a:,,,,,,
N234,eye,BP_EY,ETYMON100,,,noun,Arabic,عين,ˤyn,ˤayn,ʕajn,F,FALSE,*qatl,"ˤuyūn, ʼaˤyun","ʕuju:n, ʔaʕjun","qutu:l, ʔaqtul",,,,,,,
ETYMON100,,BP_EY,,ˤajn-,,noun,Proto-Semitic,,,,,,,,,,,,,,,,,
N235,ash,PW_AS,,,,noun,Akkadian,,,ṭikmēnum,t'ikme:num,,,,,,,,,,,,,
N236,ash,PW_AS,,,,noun,Syriac,ܩܛܡ,qṭm,qṭem,qt'm,M,FALSE,,,,,,,,,,,
N237,ash,PW_AS,,,,noun,Ethiopic,ሐመድ,ḥamadə,ḥamad,ħamad,,FALSE,,,,,,,,,,,
N238,ash,PW_AS,ETYMON101,,,noun,Hebrew,אפר,ˀpr,ˀēper,ʔe:per,M,FALSE,*qitl,NA,NA,NA,̃NA,,,,,,
N239,ash,PW_AS,,,,noun,Arabic,رماد,rmʼd,ramād,rama:d,M,FALSE,*qata:l,ʼarmida,ʔarmida,ʔaqtila,,,,,,,
ETYMON101,,PW_AS,,ʕapr,,noun,Proto-Semitic,,,,,,,,,,,,,,,,,
N240,tail,BP_TA,ETYMON102,,,noun,Akkadian,,,zibbatum,zibbatum,,,,,,,,,,,,,
N241,tail,BP_TA,ETYMON102,,,noun,Syriac,ܕܢܘܒ,dnwb,dnob,dnob,M,FALSE,,dunbē,dunbe:,,*u:,,,,,,
N242,tail,BP_TA,ETYMON102,,,noun,Ethiopic,ዘነብ,zanabə,zanab,zanab,,FALSE,*qatal,ʼaznāb,ʔazna:b,ʔaqta:l,,,,,,,
N243,tail,BP_TA,ETYMON102,,,noun,Hebrew,זנב,znb,zānāb,za:na:b,M,FALSE,*qatal,zĕnābôt,zəna:bo:t,*qatal,*a:t,,,,,,
N244,tail,BP_TA,,,,noun,Arabic,,,,,,,,,,,,,,,,,
ETYMON102,,BP_TA,,ðanab-,,noun,Proto-Semitic,,,,,,,,,,,,,,,,,
N245,dog,AN_DO,ETYMON103,,,noun,Akkadian,,,kalbum,kalbum,,,,,,,,,,,,,
N246,dog,AN_DO,ETYMON103,,,noun,Syriac,ܟܠܒ,klb,kleb,kleb,M,FALSE,*qatl,kalbē,kalbe:,same,*u:,,,,,,
N247,dog,AN_DO,ETYMON103,,,noun,Ethiopic,ከልብ,kaləbə,kalb,kalb,,FALSE,*qatl,"kalabāt, ʼakləbt, ʼaklāb, ʼakāləbt","kalaba:t, ʔaklɨbt, ʔakla:b, ʔaka:lɨbt","qatal, ʔaqtVlt, ʔaqta:l, ʔaqa:tVlt",a:t,,,,,,
N248,dog,AN_DO,ETYMON103,,,noun,Hebrew,כלב,klb,keleb,keleb,M,FALSE,*qatl,kĕlābîm,kəla:bi:m,*qatal,*u:,,,,,,
N249,dog,AN_DO,ETYMON103,,,noun,Arabic,كلب,klb,kalb,kalb,M,FALSE,*qatl,kilāb,kila:b,*qita:l,,,,,,,
ETYMON103,,AN_DO,,kalb,,noun,Proto-Semitic,,,,,,,,,,,,,,,,,
A59,sweet,SP_ST,ETYMON104,,,Adjective,Akkadian,,,ṭābum,t'a:bum,,,,,,,,,,,,,
A60,sweet,SP_ST,ETYMON105,,,Adjective,Akkadian,,,matqum,matk'um,,,,,,,,,,,,,
A61,sweet,SP_ST,ETYMON106,,,Adjective,Syriac,ܒܣܝܡ,bsym,bassim,bassim,,,,,,,,,,,,,
A62,sweet,SP_ST,ETYMON105,,,Adjective,Ethiopic,ምጡቅ,məṭuqə,məṭuq,mɨt'uk',,,,,,,,,,,,,
A63,sweet,SP_ST,ETYMON105,,,Adjective,Hebrew,מתוק,mtwq,mātôq,ma:to:k',,,*qatul,,,,,,,,,,
A64,sweet,SP_ST,,,,Adjective,Arabic,حلو,ḥlw,ḥulw,ħulw,,,,,,,,,,,,,
ETYMON104,,SP_ST,,ṭa:b,,adjective,Proto-Semitic,,,,,,,,,,,,,,,,,
ETYMON105,,SP_ST,,mat'uk',,adjective,Proto-Semitic,,,,,,,,,,,,,,,,,
ETYMON106,,SP_ST,,bassim,,adjective,Proto-Semitic,,,,,,,,,,,,,,,,,
N250,rope,PA_RC,ETYMON107,,,noun,Akkadian,,,eblum,eblum,,,,,,,,,,,,,
N251,rope,PA_RC,ETYMON107,,,noun,Syriac,ܚܒܠ,ḥbl,ḥbel,ħbel,M,FALSE,*qatl,ḥablē,ħable:,same,*u:,,,,,,
N252,rope,PA_RC,ETYMON107,,,noun,Ethiopic,ሐብል,ḥabələ,ḥabl,ħabl,,FALSE,*qatl,"ʼaḥbāl, ʼaḥbālāt","ʔaħba:l, ʔaħba:la:t",ʔaqta:l,a:t,,,,,,
N253,rope,PA_RC,ETYMON107,,,noun,Hebrew,חבל,ḥbl,ḥebel,ħebel,M,FALSE,*qatl,ḥăbālîm,ħaba:li:m,*qatal,*u:,,,,,,
N254,rope,PA_RC,ETYMON107,,,noun,Arabic,حبل,ḥabl,ḥabl,ħabl,M,FALSE,*qatl,"ḥibāl, ʼaḥbul, ḥubūl, ʼaḥbāl","ħiba:l, ʔaħbul, ħubu:l, ʔaħba:l","qita:l, ʔaqtul, qutu:l, ʔaqta:l",,,,,,,
ETYMON107,,PA_RC,,ħabl-,,noun,Proto-Semitic,,,,,,,,,,,,,,,,,
N255,shade/shadow,PW_SD,,,,noun,Akkadian,,,,,,,,,,,,,,,,,
N256,shade/shadow,PW_SD,ETYMON108,,,noun,Syriac,ܛܠܠ,ṭll,ṭellāl,t'ella:l,M,FALSE,*qitta:l,ṭellālē,t'ella:le:,same,*u:,,,,,,
N257,shade/shadow,PW_SD,ETYMON108,,,noun,Ethiopic,ጽላሎት,ṣəlālotə,ṣəlālot,s'ɨla:lot,,TRUE,,,,,,,,,,,
N258,shade/shadow,PW_SD,ETYMON109,,,noun,Hebrew,צל,ṣl,ṣēl,s'e:l,M,FALSE,*qitl,ṣĕlālîm,s'əla:li:m,*qatal,*u:,,,,,,
N259,shade/shadow,PW_SD,ETYMON109,,,noun,Arabic,ظل,ẓl,ẓill,ðˤill,M,FALSE,*qitl,"ẓilāl, ẓulūl, ʼaẓlāl","ðˤila:l, ðˤulu:l, ʔaðˤla:l","qita:l, qutu:l, ʔaqta:l",,,,,,,
ETYMON108,,PW_SD,,θ’illal-,,noun,Proto-Semitic,,,,,,,,,,,,,,,,,
ETYMON109,,PW_SD,,θ’ill-,,noun,Proto-Semitic,,,,,,,,,,,,,,,,,
N260,bird,AN_BI,ETYMON110,,,noun,Akkadian,,,iṣṣurum,is's'urum,,,,,,,,,,,,,
N261,bird,AN_BI,ETYMON111,,,noun,Syriac,ܦܪܚܐ,prḥʼ,pārḥā,pa:rħa:,F,TRUE,*qa:tal,pārḥātā,pa:rħa:ta:,same,*a:t,,,,,,
N262,bird,AN_BI,ETYMON112,,,noun,Ethiopic,ዖፍ,ˤofə,ˤof,ʕof,,FALSE,,ʼaˤwāf,ʔaʕwa:f,ʔaqta:l,,,,,,,
N263,bird,AN_BI,ETYMON113,,,noun,Hebrew,צפור,ṣpwr,ṣippôr,s'ippo:r,ֺBOTH,FALSE,*quttul?>qittul,ṣipporîm,s'ippori:m,same,*u:,,,,,,
N264,bird,AN_BI,,,,noun,Arabic,,,,,,,,,,,,,,,,,
ETYMON110,,AN_BI,,ʕits’ts’u:r-,,noun,Proto-Semitic,,,,,,,,,,,,,,,,,
ETYMON111,,AN_BI,,pa:raħ,,noun,Proto-Semitic,,,,,,,,,,,,,,,,,
ETYMON112,,AN_BI,,ʕawp,,noun,Proto-Semitic,,,,,,,,,,,,,,,,,
ETYMON113,,AN_BI,,ts’ippur,,noun,Proto-Semitic,,,,,,,,,,,,,,,,,
N265,salt,FD_SL,,,,noun,Akkadian,,,,,,,,,,,,,,,,,
N266,salt,FD_SL,ETYMON114,,,noun,Syriac,ܡܠܚ,mlḥ,mlaḥ,mlaħ,F,FALSE,*qatl,melḥē,melħe:,,*u:,,,,,,
N267,salt,FD_SL,ETYMON114,,,noun,Ethiopic,መልሕ,maləḥə,malḥ,malħ,,FALSE,,,,,,,,,,,
N268,salt,FD_SL,ETYMON115,,,noun,Ethiopic,ምልሕ,mələḥə,məlḥ,mɨlħ,,FALSE,,,,,,,,,,,
N269,salt,FD_SL,ETYMON115,,,noun,Hebrew,מלח,mlḥ,melaḥ,melaħ,MF,FALSE,*qitl,NA,NA,NA,NA,,,,,,
N270,salt,FD_SL,ETYMON115,,,noun,Arabic,ملح,mlḥ,milḥ,milħ,MF,FALSE,,"milāḥ, ʼamlāḥ","mila:ħ, ʔamla:ħ","qita:l, ʔaqta:l",,,,,,,
ETYMON114,,FD_SL,,malħ,,noun,Proto-Semitic,,,,,,,,,,,,,,,,,
ETYMON115,,FD_SL,,milħ,,noun,Proto-Semitic,,,,,,,,,,,,,,,,,
A65,small,SR_SM,ETYMON116,,,Adjective,Akkadian,,,ṣeẖrum,s'exrum,,,,,,,,,,,,,
A66,small,SR_SM,ETYMON117,,,Adjective,Syriac,ܙܥܘܪ,zˤwr,zˤor,zʕor,,,,,,,,,,,,,
A67,small,SR_SM,,,,Adjective,Ethiopic,ንኡስ,nəʼusə,nəʼus,nɨʔus,,,,,,,,,,,,,
A68,small,SR_SM,ETYMON116,,,Adjective,Hebrew,צעיר,ṣʕyr,ṣāˤîr,s'a:ʕi:r,,,*qatīl,,,,,,,,,,
A69,small,SR_SM,ETYMON118,,,Adjective,Hebrew,קטן,qṭn,qāṭān,k'a:t'a:n,,,*qatal,,,,,,,,,,
A70,small,SR_SM,ETYMON116,,,Adjective,Arabic,صغير,ṣġyr,ṣaġīr,sˤaɣi:r,,,,,,,,,,,,,
ETYMON116,,SR_SM,,ts’aɣir-,,adjective,Proto-Semitic,,,,,,,,,,,,,,,,,
ETYMON117,,SR_SM,,ts’aɣur-,,adjective,Proto-Semitic,,,,,,,,,,,,,,,,,
ETYMON118,,SR_SM,,k'at'an-,,adjective,Proto-Semitic,,,,,,,,,,,,,,,,,
A71,wide,SR_WB,ETYMON119,,,Adjective,Akkadian,,,rapšum,rapʃum,,,,,,,,,,,,,
A72,wide,SR_WB,ETYMON120,,,Adjective,Syriac,,,rwiḥ,,,,,,,,,,,,,,
A73,wide,SR_WB,ETYMON121,,,Adjective,Ethiopic,ርሑብ,rəḥubə,rəḥub ,rɨħub,,,,,,,,,,,,,
A74,wide,SR_WB,ETYMON121,,,Adjective,Hebrew,רחב,rḥb,rāḥāb,ra:ħa:b,,,*qatal,,,,,,,,,,
A75,wide,SR_WB,,,,Adjective,Arabic,عريض,ˤryḍ,ˤarīḍ,ʕari:dˤ,,,,,,,,,,,,,
ETYMON119,,SR_WB,,rapas-,,Adjective,Proto-Semitic,,,,,,,,,,,,,,,,,
ETYMON120,,SR_WB,,rawiħ,,Adjective,Proto-Semitic,,,,,,,,,,,,,,,,,
ETYMON121,,SR_WB,,raħub,,Adjective,Proto-Semitic,,,,,,,,,,,,,,,,,
N271,star,PW_ST,ETYMON122,,,noun,Akkadian,,,kakkabum,,,,,,,,,,,,,,
N272,star,PW_ST,ETYMON122,,,noun,Syriac,ܟܘܟܒ,kwkb,kawkab,kawkab,M,FALSE,*qatl1al2,kawkbē,kawkbe:,,*u:,,,,,,
N273,star,PW_ST,ETYMON122,,,noun,Ethiopic,ኮከብ,kokabə,kokab,kokab,,FALSE,*qatl1al2,kawākəbt,kawa:kɨbt,*qata:l1il2t,,,,,,,
N274,star,PW_ST,ETYMON122,,,noun,Hebrew,כוכב,kwkb,kôkāb,ko:ka:b,M,FALSE,*qātal (see note),kôkābîm,ko:ka:bi:m,same,*u:,,,,,,redup birad- kabkab>kawkab>kôkāb
N275,star,PW_ST,ETYMON122,,,noun,Arabic,كوكب,kwkb,kawkab,kawkab,M,FALSE,*qatl1al2,kawākib,kawa:kib,*qata:l1il2,,,,,,,
N276,star,PW_ST,,,,noun,Arabic,نجم,nǧm,naǧm,nad͡ʒm,M,FALSE,*qatl,"nuǧūm, ʼanǧum","nud͡ʒu:m, ʔand͡ʒum","*qutu:l, ʔaqtul",,,,,,,
ETYMON122,,PW_ST,,kabkab,,noun,Proto-Semitic,,,,,,,,,,,,,,,,,
PP1,in,,ETYMON124,,,preposition,Akkadian,,,ina,,,,,,,,,,,,,,
PP2,in,,ETYMON123,,,preposition,Syriac,ܒ,b,b,b,,,,,,,,,,,,,
PP3,in,,ETYMON123,,,preposition,Ethiopic,በ,ba,ba,ba,,,,,,,,,,,,,
PP4,in,,ETYMON123,,,preposition,Hebrew,ב,b,bə,bə,,,,,,,,,,,,,
PP5,in,,ETYMON123,,,preposition,Arabic,ب,b,bi,bi,,,,,,,,,,,,,
ETYMON123,,,ETYMON123,,,preposition,Proto-Semitic,,,,,,,,,,,,,,,,,
ETYMON124,,,,ʔin,,preposition,Proto-Semitic,,,,,,,,,,,,,,,,,
A76,hard,SP_HA,,danin,,Adjective,Akkadian,,dannum,dannum,,,,,,,,,,,,,,
A77,hard,SP_HA,,,,Adjective,Syriac,ܥܫܝܢ,ˤšyn,ˤaššin,ʕaʃʃin,,,,,,,,,,,,,
A78,hard,SP_HA,,k'asaj,,Adjective,Syriac,ܩܫܐ,qšʼ,qšē,qʃe:,,,,,,,,,,,,,
A79,hard,SP_HA,,,,Adjective,Ethiopic,,,,,,,,,,,,,,,,,
A80,hard,SP_HA,,k'asaj,,Adjective,Hebrew,קשה,qšh,qāšê,k'a:ʃe:,,,*qatil,,,,,,,,,,
A81,hard,SP_HA,,,,Adjective,Arabic,صلب,ṣlb,ṣulb,sˤulb,,,,,,,,,,,,,
A82,hard,SP_HA,,,,Adjective,Arabic,صليب,ṣlyb,ṣalīb,sˤali:b,,,,,,,,,,,,,
